phenotypes,referenceCardinality,nViolations,fitness,likelihood,generality,X2S
:1  a sh:NodeShape ; sh:targetObjectsOf <http://www.w3.org/ns/oa#hasTarget>  ; sh:nodeKind sh:BlankNodeOrLiteral . ,5954,0,5954,"3,81E-146","0,1422",
:2  a sh:NodeShape ; sh:targetObjectsOf <http://www.w3.org/ns/oa#hasTarget>  ; sh:nodeKind sh:BlankNode . ,5954,0,5954,"3,81E-146","0,1422",
:3  a sh:NodeShape ; sh:targetSubjectsOf <http://www.w3.org/ns/oa#hasTarget>  ; sh:property [ sh:path <http://www.w3.org/ns/oa#hasTarget>  ; sh:nodeKind sh:BlankNodeOrLiteral ;  ] . ,5954,0,5954,"3,81E-146","0,1422",
:95  a sh:NodeShape ; sh:targetObjectsOf <http://www.w3.org/ns/oa#hasTarget>  ; sh:nodeKind sh:BlankNodeOrIRI . ,5954,0,5954,"3,81E-146","0,1422",
:202  a sh:NodeShape ; sh:targetSubjectsOf <http://www.w3.org/1999/02/22-rdf-syntax-ns#type>  ; sh:property [ sh:path <http://www.w3.org/ns/oa#hasTarget>  ; sh:nodeKind sh:BlankNode ;  ] . ,5954,0,5954,"3,81E-146","0,1422",
:280  a sh:NodeShape ; sh:targetSubjectsOf <http://www.w3.org/ns/oa#motivatedBy>  ; sh:property [ sh:path <http://www.w3.org/ns/oa#hasTarget>  ; sh:nodeKind sh:BlankNode ;  ] . ,5954,0,5954,"3,81E-146","0,1422",
:281  a sh:NodeShape ; sh:targetSubjectsOf <http://www.w3.org/ns/oa#motivatedBy>  ; sh:property [ sh:path <http://www.w3.org/ns/oa#hasTarget>  ; sh:nodeKind sh:BlankNodeOrIRI ;  ] . ,5954,0,5954,"3,81E-146","0,1422",
:318  a sh:NodeShape ; sh:targetClass <http://www.w3.org/ns/oa#Annotation>  ; sh:property [ sh:path <http://www.w3.org/ns/oa#hasTarget>  ; sh:nodeKind sh:BlankNode ;  ] . ,5954,0,5954,"3,81E-146","0,1422",
:411  a sh:NodeShape ; sh:targetSubjectsOf <http://www.w3.org/1999/02/22-rdf-syntax-ns#type>  ; sh:property [ sh:path <http://www.w3.org/ns/oa#hasTarget>  ; sh:nodeKind sh:BlankNodeOrLiteral ;  ] . ,5954,0,5954,"3,81E-146","0,1422",
:4  a sh:NodeShape ; sh:targetClass <http://www.w3.org/ns/oa#Annotation>  ; sh:property [ sh:path <https://ns.inria.fr/sure#confidence>  ; sh:datatype <http://www.w3.org/2001/XMLSchema#double>  ;  ] . ,2977,0,2977,"3,63E-74","0,0711",
:5  a sh:NodeShape ; sh:targetSubjectsOf <http://www.w3.org/ns/oa#start>  ; sh:property [ sh:path <http://www.w3.org/ns/oa#start>  ; sh:nodeKind sh:IRIOrLiteral ;  ] . ,2977,0,2977,"3,63E-74","0,0711",
:6  a sh:NodeShape ; sh:targetSubjectsOf <http://www.w3.org/1999/02/22-rdf-syntax-ns#type>  ; sh:property [ sh:path <http://www.w3.org/ns/oa#end>  ; sh:datatype <http://www.w3.org/2001/XMLSchema#double>  ;  ] . ,2977,0,2977,"3,63E-74","0,0711",
:7  a sh:NodeShape ; sh:targetSubjectsOf <http://www.w3.org/ns/oa#start>  ; sh:property [ sh:path <http://www.w3.org/1999/02/22-rdf-syntax-ns#type>  ; sh:nodeKind sh:BlankNodeOrIRI ;  ] . ,2977,0,2977,"3,63E-74","0,0711",
:96  a sh:NodeShape ; sh:targetSubjectsOf <http://www.w3.org/ns/oa#hasTarget>  ; sh:property [ sh:path <http://www.w3.org/ns/oa#motivatedBy>  ; sh:nodeKind sh:BlankNodeOrIRI ;  ] . ,2977,0,2977,"3,63E-74","0,0711",
:97  a sh:NodeShape ; sh:targetSubjectsOf <http://www.w3.org/ns/oa#hasTarget>  ; sh:property [ sh:path <http://www.w3.org/ns/oa#motivatedBy>  ; sh:nodeKind sh:IRIOrLiteral ;  ] . ,2977,0,2977,"3,63E-74","0,0711",
:98  a sh:NodeShape ; sh:targetSubjectsOf <http://www.w3.org/ns/oa#start>  ; sh:property [ sh:path <http://www.w3.org/ns/oa#end>  ; sh:nodeKind sh:IRIOrLiteral ;  ] . ,2977,0,2977,"3,63E-74","0,0711",
:99  a sh:NodeShape ; sh:targetSubjectsOf <http://www.w3.org/ns/oa#end>  ; sh:property [ sh:path <http://www.w3.org/ns/oa#end>  ; sh:nodeKind sh:BlankNodeOrLiteral ;  ] . ,2977,0,2977,"3,63E-74","0,0711",
:100  a sh:NodeShape ; sh:targetClass <http://www.w3.org/ns/oa#TextPositionSelector>  ; sh:property [ sh:path <http://www.w3.org/ns/oa#end>  ; sh:datatype <http://www.w3.org/2001/XMLSchema#double>  ;  ] . ,2977,0,2977,"3,63E-74","0,0711",
:101  a sh:NodeShape ; sh:targetClass <http://www.w3.org/ns/oa#TextPositionSelector>  ; sh:property [ sh:path <http://www.w3.org/1999/02/22-rdf-syntax-ns#type>  ; sh:nodeKind sh:BlankNodeOrIRI ;  ] . ,2977,0,2977,"3,63E-74","0,0711",
:159  a sh:NodeShape ; sh:targetSubjectsOf <http://www.w3.org/ns/oa#motivatedBy>  ; sh:property [ sh:path <http://www.w3.org/ns/oa#motivatedBy>  ; sh:nodeKind sh:BlankNodeOrIRI ;  ] . ,2977,0,2977,"3,63E-74","0,0711",
:160  a sh:NodeShape ; sh:targetSubjectsOf <http://www.w3.org/1999/02/22-rdf-syntax-ns#type>  ; sh:property [ sh:path <https://ns.inria.fr/sure#confidence>  ; sh:nodeKind sh:BlankNodeOrLiteral ;  ] . ,2977,0,2977,"3,63E-74","0,0711",
:161  a sh:NodeShape ; sh:targetSubjectsOf <http://www.w3.org/ns/oa#hasSource>  ; sh:property [ sh:path <http://www.w3.org/ns/oa#hasSource>  ; sh:nodeKind sh:IRI ;  ] . ,2977,0,2977,"3,63E-74","0,0711",
:162  a sh:NodeShape ; sh:targetSubjectsOf <http://www.w3.org/ns/oa#motivatedBy>  ; sh:property [ sh:path <http://www.w3.org/1999/02/22-rdf-syntax-ns#type>  ; sh:nodeKind sh:BlankNodeOrIRI ;  ] . ,2977,0,2977,"3,63E-74","0,0711",
:203  a sh:NodeShape ; sh:targetSubjectsOf <http://www.w3.org/ns/oa#hasBody>  ; sh:property [ sh:path <https://ns.inria.fr/sure#confidence>  ; sh:datatype <http://www.w3.org/2001/XMLSchema#double>  ;  ] . ,2977,0,2977,"3,63E-74","0,0711",
:204  a sh:NodeShape ; sh:targetSubjectsOf <http://www.w3.org/ns/oa#hasBody>  ; sh:property [ sh:path <http://www.w3.org/ns/oa#hasBody>  ; sh:nodeKind sh:IRIOrLiteral ;  ] . ,2977,0,2977,"3,63E-74","0,0711",
:239  a sh:NodeShape ; sh:targetSubjectsOf <http://www.w3.org/ns/oa#hasSource>  ; sh:property [ sh:path <http://www.w3.org/ns/oa#hasSource>  ; sh:nodeKind sh:BlankNodeOrIRI ;  ] . ,2977,0,2977,"3,63E-74","0,0711",
:240  a sh:NodeShape ; sh:targetSubjectsOf <https://ns.inria.fr/sure#confidence>  ; sh:property [ sh:path <http://www.w3.org/ns/oa#motivatedBy>  ; sh:nodeKind sh:IRIOrLiteral ;  ] . ,2977,0,2977,"3,63E-74","0,0711",
:241  a sh:NodeShape ; sh:targetClass <http://www.w3.org/ns/oa#Annotation>  ; sh:property [ sh:path <http://www.w3.org/ns/oa#hasBody>  ; sh:nodeKind sh:IRI ;  ] . ,2977,0,2977,"3,63E-74","0,0711",
:282  a sh:NodeShape ; sh:targetSubjectsOf <http://www.w3.org/ns/oa#start>  ; sh:property [ sh:path <http://www.w3.org/ns/oa#start>  ; sh:nodeKind sh:Literal ;  ] . ,2977,0,2977,"3,63E-74","0,0711",
:283  a sh:NodeShape ; sh:targetClass <http://www.w3.org/ns/oa#TextPositionSelector>  ; sh:property [ sh:path <http://www.w3.org/ns/oa#start>  ; sh:nodeKind sh:IRIOrLiteral ;  ] . ,2977,0,2977,"3,63E-74","0,0711",
:284  a sh:NodeShape ; sh:targetSubjectsOf <http://www.w3.org/1999/02/22-rdf-syntax-ns#type>  ; sh:property [ sh:path <http://www.w3.org/ns/oa#start>  ; sh:nodeKind sh:BlankNodeOrLiteral ;  ] . ,2977,0,2977,"3,63E-74","0,0711",
:285  a sh:NodeShape ; sh:targetSubjectsOf <https://ns.inria.fr/sure#confidence>  ; sh:property [ sh:path <https://ns.inria.fr/sure#confidence>  ; sh:nodeKind sh:Literal ;  ] . ,2977,0,2977,"3,63E-74","0,0711",
:286  a sh:NodeShape ; sh:targetSubjectsOf <http://www.w3.org/ns/oa#hasTarget>  ; sh:property [ sh:path <http://www.w3.org/ns/oa#hasBody>  ; sh:nodeKind sh:IRI ;  ] . ,2977,0,2977,"3,63E-74","0,0711",
:287  a sh:NodeShape ; sh:targetClass <http://www.w3.org/ns/oa#TextPositionSelector>  ; sh:property [ sh:path <http://www.w3.org/ns/oa#start>  ; sh:datatype <http://www.w3.org/2001/XMLSchema#double>  ;  ] . ,2977,0,2977,"3,63E-74","0,0711",
:288  a sh:NodeShape ; sh:targetClass <http://www.w3.org/ns/oa#Annotation>  ; sh:property [ sh:path <http://www.w3.org/ns/oa#motivatedBy>  ; sh:nodeKind sh:BlankNodeOrIRI ;  ] . ,2977,0,2977,"3,63E-74","0,0711",
:319  a sh:NodeShape ; sh:targetSubjectsOf <http://www.w3.org/ns/oa#end>  ; sh:property [ sh:path <http://www.w3.org/ns/oa#end>  ; sh:datatype <http://www.w3.org/2001/XMLSchema#double>  ;  ] . ,2977,0,2977,"3,63E-74","0,0711",
:320  a sh:NodeShape ; sh:targetSubjectsOf <http://www.w3.org/ns/oa#hasTarget>  ; sh:property [ sh:path <http://www.w3.org/1999/02/22-rdf-syntax-ns#type>  ; sh:nodeKind sh:BlankNodeOrIRI ;  ] . ,2977,0,2977,"3,63E-74","0,0711",
:321  a sh:NodeShape ; sh:targetSubjectsOf <http://www.w3.org/ns/oa#motivatedBy>  ; sh:property [ sh:path <http://www.w3.org/ns/oa#hasBody>  ; sh:nodeKind sh:IRI ;  ] . ,2977,0,2977,"3,63E-74","0,0711",
:345  a sh:NodeShape ; sh:targetSubjectsOf <http://www.w3.org/ns/oa#hasBody>  ; sh:property [ sh:path <https://ns.inria.fr/sure#confidence>  ; sh:nodeKind sh:IRIOrLiteral ;  ] . ,2977,0,2977,"3,63E-74","0,0711",
:346  a sh:NodeShape ; sh:targetSubjectsOf <https://ns.inria.fr/sure#confidence>  ; sh:property [ sh:path <http://www.w3.org/ns/oa#motivatedBy>  ; sh:nodeKind sh:IRI ;  ] . ,2977,0,2977,"3,63E-74","0,0711",
:347  a sh:NodeShape ; sh:targetSubjectsOf <http://www.w3.org/ns/oa#motivatedBy>  ; sh:property [ sh:path <http://www.w3.org/1999/02/22-rdf-syntax-ns#type>  ; sh:nodeKind sh:IRI ;  ] . ,2977,0,2977,"3,63E-74","0,0711",
:348  a sh:NodeShape ; sh:targetSubjectsOf <http://www.w3.org/ns/oa#motivatedBy>  ; sh:property [ sh:path <https://ns.inria.fr/sure#confidence>  ; sh:nodeKind sh:BlankNodeOrLiteral ;  ] . ,2977,0,2977,"3,63E-74","0,0711",
:349  a sh:NodeShape ; sh:targetSubjectsOf <http://www.w3.org/ns/oa#motivatedBy>  ; sh:property [ sh:path <http://www.w3.org/1999/02/22-rdf-syntax-ns#type>  ; sh:nodeKind sh:IRIOrLiteral ;  ] . ,2977,0,2977,"3,63E-74","0,0711",
:378  a sh:NodeShape ; sh:targetSubjectsOf <http://www.w3.org/ns/oa#start>  ; sh:property [ sh:path <http://www.w3.org/1999/02/22-rdf-syntax-ns#type>  ; sh:nodeKind sh:IRIOrLiteral ;  ] . ,2977,0,2977,"3,63E-74","0,0711",
:412  a sh:NodeShape ; sh:targetClass <http://www.w3.org/ns/oa#TextPositionSelector>  ; sh:property [ sh:path <http://www.w3.org/ns/oa#start>  ; sh:nodeKind sh:BlankNodeOrLiteral ;  ] . ,2977,0,2977,"3,63E-74","0,0711",
:413  a sh:NodeShape ; sh:targetSubjectsOf <https://ns.inria.fr/sure#confidence>  ; sh:property [ sh:path <http://www.w3.org/ns/oa#hasBody>  ; sh:nodeKind sh:IRIOrLiteral ;  ] . ,2977,0,2977,"3,63E-74","0,0711",
:414  a sh:NodeShape ; sh:targetSubjectsOf <http://www.w3.org/ns/oa#hasBody>  ; sh:property [ sh:path <https://ns.inria.fr/sure#confidence>  ; sh:nodeKind sh:BlankNodeOrLiteral ;  ] . ,2977,0,2977,"3,63E-74","0,0711",
:415  a sh:NodeShape ; sh:targetSubjectsOf <http://www.w3.org/1999/02/22-rdf-syntax-ns#type>  ; sh:property [ sh:path <http://www.w3.org/ns/oa#motivatedBy>  ; sh:nodeKind sh:BlankNodeOrIRI ;  ] . ,2977,0,2977,"3,63E-74","0,0711",
:416  a sh:NodeShape ; sh:targetSubjectsOf <https://ns.inria.fr/sure#confidence>  ; sh:property [ sh:path <http://www.w3.org/1999/02/22-rdf-syntax-ns#type>  ; sh:nodeKind sh:IRI ;  ] . ,2977,0,2977,"3,63E-74","0,0711",
:417  a sh:NodeShape ; sh:targetSubjectsOf <http://www.w3.org/1999/02/22-rdf-syntax-ns#type>  ; sh:property [ sh:path <http://www.w3.org/ns/oa#start>  ; sh:datatype <http://www.w3.org/2001/XMLSchema#double>  ;  ] . ,2977,0,2977,"3,63E-74","0,0711",
:418  a sh:NodeShape ; sh:targetSubjectsOf <http://www.w3.org/ns/oa#start>  ; sh:property [ sh:path <http://www.w3.org/ns/oa#end>  ; sh:datatype <http://www.w3.org/2001/XMLSchema#double>  ;  ] . ,2977,0,2977,"3,63E-74","0,0711",
:419  a sh:NodeShape ; sh:targetClass <http://www.w3.org/ns/oa#Annotation>  ; sh:property [ sh:path <http://www.w3.org/ns/oa#hasBody>  ; sh:nodeKind sh:BlankNodeOrIRI ;  ] . ,2977,0,2977,"3,63E-74","0,0711",
:8  a sh:NodeShape ; sh:targetSubjectsOf <https://ns.inria.fr/sure#hasDescription>  ; sh:property [ sh:path <http://www.w3.org/1999/02/22-rdf-syntax-ns#type>  ; sh:nodeKind sh:IRIOrLiteral ;  ] . ,2068,0,2068,"3,72E-52","0,0494",
:102  a sh:NodeShape ; sh:targetSubjectsOf <http://schema.org/hasPrice>  ; sh:property [ sh:path <http://www.w3.org/1999/02/22-rdf-syntax-ns#type>  ; sh:nodeKind sh:IRIOrLiteral ;  ] . ,2068,0,2068,"3,72E-52","0,0494",
:163  a sh:NodeShape ; sh:targetSubjectsOf <http://schema.org/hasPrice>  ; sh:property [ sh:path <http://www.w3.org/1999/02/22-rdf-syntax-ns#type>  ; sh:nodeKind sh:IRI ;  ] . ,2068,0,2068,"3,72E-52","0,0494",
:164  a sh:NodeShape ; sh:targetSubjectsOf <http://www.w3.org/2003/01/geo/wgs84_pos#long>  ; sh:property [ sh:path <http://www.w3.org/1999/02/22-rdf-syntax-ns#type>  ; sh:nodeKind sh:IRIOrLiteral ;  ] . ,2068,0,2068,"3,72E-52","0,0494",
:165  a sh:NodeShape ; sh:targetSubjectsOf <http://www.w3.org/2003/01/geo/wgs84_pos#long>  ; sh:property [ sh:path <http://www.w3.org/1999/02/22-rdf-syntax-ns#type>  ; sh:nodeKind sh:BlankNodeOrIRI ;  ] . ,2068,0,2068,"3,72E-52","0,0494",
:322  a sh:NodeShape ; sh:targetSubjectsOf <http://www.opengis.net/ont/geosparql#sfWithin>  ; sh:property [ sh:path <http://www.w3.org/1999/02/22-rdf-syntax-ns#type>  ; sh:nodeKind sh:BlankNodeOrIRI ;  ] . ,2068,0,2068,"3,72E-52","0,0494",
:350  a sh:NodeShape ; sh:targetClass <https://ns.inria.fr/sure#RealEstate>  ; sh:property [ sh:path <http://www.w3.org/1999/02/22-rdf-syntax-ns#type>  ; sh:nodeKind sh:IRIOrLiteral ;  ] . ,2068,0,2068,"3,72E-52","0,0494",
:351  a sh:NodeShape ; sh:targetSubjectsOf <http://schema.org/numberOfRooms>  ; sh:property [ sh:path <http://www.w3.org/1999/02/22-rdf-syntax-ns#type>  ; sh:nodeKind sh:IRI ;  ] . ,2055,0,2055,"7,68E-52","0,0491",
:289  a sh:NodeShape ; sh:targetClass <http://schema.org/House>  ; sh:property [ sh:path <http://www.w3.org/1999/02/22-rdf-syntax-ns#type>  ; sh:nodeKind sh:IRI ;  ] . ,1375,0,1375,"2,40E-35","0,0328",
:420  a sh:NodeShape ; sh:targetClass <http://schema.org/House>  ; sh:property [ sh:path <http://www.w3.org/1999/02/22-rdf-syntax-ns#type>  ; sh:nodeKind sh:IRIOrLiteral ;  ] . ,1375,0,1375,"2,40E-35","0,0328",
:9  a sh:NodeShape ; sh:targetSubjectsOf <http://www.opengis.net/ont/geosparql#sfWithin>  ; sh:property [ sh:path <http://www.opengis.net/ont/geosparql#sfWithin>  ; sh:nodeKind sh:BlankNodeOrIRI ;  ] . ,1342,0,1342,"1,52E-34","0,032",
:10  a sh:NodeShape ; sh:targetSubjectsOf <http://www.w3.org/1999/02/22-rdf-syntax-ns#type>  ; sh:property [ sh:path <http://www.opengis.net/ont/geosparql#sfWithin>  ; sh:nodeKind sh:BlankNodeOrIRI ;  ] . ,1342,0,1342,"1,52E-34","0,032",
:11  a sh:NodeShape ; sh:targetSubjectsOf <http://www.opengis.net/ont/geosparql#hasGeometry>  ; sh:property [ sh:path <http://www.opengis.net/ont/geosparql#sfWithin>  ; sh:nodeKind sh:IRIOrLiteral ;  ] . ,1342,0,1342,"1,52E-34","0,032",
:12  a sh:NodeShape ; sh:targetSubjectsOf <http://www.w3.org/2003/01/geo/wgs84_pos#lat>  ; sh:property [ sh:path <http://www.opengis.net/ont/geosparql#sfWithin>  ; sh:nodeKind sh:IRIOrLiteral ;  ] . ,1342,0,1342,"1,52E-34","0,032",
:13  a sh:NodeShape ; sh:targetSubjectsOf <http://schema.org/hasPrice>  ; sh:property [ sh:path <http://www.opengis.net/ont/geosparql#sfWithin>  ; sh:nodeKind sh:BlankNodeOrIRI ;  ] . ,1342,0,1342,"1,52E-34","0,032",
:103  a sh:NodeShape ; sh:targetSubjectsOf <http://www.w3.org/2003/01/geo/wgs84_pos#long>  ; sh:property [ sh:path <http://www.opengis.net/ont/geosparql#sfWithin>  ; sh:nodeKind sh:IRI ;  ] . ,1342,0,1342,"1,52E-34","0,032",
:104  a sh:NodeShape ; sh:targetSubjectsOf <http://www.w3.org/2003/01/geo/wgs84_pos#long>  ; sh:property [ sh:path <http://www.opengis.net/ont/geosparql#sfWithin>  ; sh:nodeKind sh:BlankNodeOrIRI ;  ] . ,1342,0,1342,"1,52E-34","0,032",
:166  a sh:NodeShape ; sh:targetSubjectsOf <http://www.w3.org/2003/01/geo/wgs84_pos#lat>  ; sh:property [ sh:path <http://www.opengis.net/ont/geosparql#sfWithin>  ; sh:nodeKind sh:BlankNodeOrIRI ;  ] . ,1342,0,1342,"1,52E-34","0,032",
:205  a sh:NodeShape ; sh:targetSubjectsOf <http://schema.org/floorSize>  ; sh:property [ sh:path <http://www.opengis.net/ont/geosparql#sfWithin>  ; sh:nodeKind sh:IRIOrLiteral ;  ] . ,1342,0,1342,"1,52E-34","0,032",
:206  a sh:NodeShape ; sh:targetSubjectsOf <http://www.w3.org/2003/01/geo/wgs84_pos#long>  ; sh:property [ sh:path <http://www.opengis.net/ont/geosparql#sfWithin>  ; sh:nodeKind sh:IRIOrLiteral ;  ] . ,1342,0,1342,"1,52E-34","0,032",
:207  a sh:NodeShape ; sh:targetSubjectsOf <http://www.opengis.net/ont/geosparql#hasGeometry>  ; sh:property [ sh:path <http://www.opengis.net/ont/geosparql#sfWithin>  ; sh:nodeKind sh:BlankNodeOrIRI ;  ] . ,1342,0,1342,"1,52E-34","0,032",
:379  a sh:NodeShape ; sh:targetSubjectsOf <http://schema.org/hasPrice>  ; sh:property [ sh:path <http://www.opengis.net/ont/geosparql#sfWithin>  ; sh:nodeKind sh:IRI ;  ] . ,1342,0,1342,"1,52E-34","0,032",
:380  a sh:NodeShape ; sh:targetSubjectsOf <http://www.w3.org/1999/02/22-rdf-syntax-ns#type>  ; sh:property [ sh:path <http://www.opengis.net/ont/geosparql#sfWithin>  ; sh:nodeKind sh:IRIOrLiteral ;  ] . ,1342,0,1342,"1,52E-34","0,032",
:381  a sh:NodeShape ; sh:targetSubjectsOf <http://www.opengis.net/ont/geosparql#sfWithin>  ; sh:property [ sh:path <http://www.opengis.net/ont/geosparql#sfWithin>  ; sh:nodeKind sh:IRI ;  ] . ,1342,0,1342,"1,52E-34","0,032",
:14  a sh:NodeShape ; sh:targetSubjectsOf <http://schema.org/numberOfRooms>  ; sh:property [ sh:path <http://www.opengis.net/ont/geosparql#sfWithin>  ; sh:nodeKind sh:IRI ;  ] . ,1332,0,1332,"2,65E-34","0,0318",
:167  a sh:NodeShape ; sh:targetClass <https://ns.inria.fr/sure#Quiet>  ; sh:property [ sh:path <http://www.w3.org/1999/02/22-rdf-syntax-ns#type>  ; sh:nodeKind sh:IRIOrLiteral ;  ] . ,1196,0,1196,"5,35E-31","0,0286",
:323  a sh:NodeShape ; sh:targetClass <http://www.w3.org/2004/02/skos/core#Concept>  ; sh:property [ sh:path <http://www.w3.org/1999/02/22-rdf-syntax-ns#type>  ; sh:nodeKind sh:IRIOrLiteral ;  ] . ,972,0,972,"1,51E-25","0,0232",
:352  a sh:NodeShape ; sh:targetClass <http://www.w3.org/2002/07/owl#Class>  ; sh:property [ sh:path <http://www.w3.org/1999/02/22-rdf-syntax-ns#type>  ; sh:nodeKind sh:BlankNodeOrIRI ;  ] . ,972,0,972,"1,51E-25","0,0232",
:382  a sh:NodeShape ; sh:targetClass <http://www.w3.org/2002/07/owl#Class>  ; sh:property [ sh:path <http://www.w3.org/1999/02/22-rdf-syntax-ns#type>  ; sh:nodeKind sh:IRI ;  ] . ,972,0,972,"1,51E-25","0,0232",
:383  a sh:NodeShape ; sh:targetSubjectsOf <http://www.w3.org/2000/01/rdf-schema#subClassOf>  ; sh:property [ sh:path <http://www.w3.org/1999/02/22-rdf-syntax-ns#type>  ; sh:nodeKind sh:IRIOrLiteral ;  ] . ,972,0,972,"1,51E-25","0,0232",
:384  a sh:NodeShape ; sh:targetClass <http://www.w3.org/2002/07/owl#Class>  ; sh:property [ sh:path <http://www.w3.org/1999/02/22-rdf-syntax-ns#type>  ; sh:nodeKind sh:IRIOrLiteral ;  ] . ,972,0,972,"1,51E-25","0,0232",
:385  a sh:NodeShape ; sh:targetClass <http://www.w3.org/2004/02/skos/core#Concept>  ; sh:property [ sh:path <http://www.w3.org/1999/02/22-rdf-syntax-ns#type>  ; sh:nodeKind sh:BlankNodeOrIRI ;  ] . ,972,0,972,"1,51E-25","0,0232",
:168  a sh:NodeShape ; sh:targetClass <https://ns.inria.fr/sure#Parking>  ; sh:property [ sh:path <http://www.opengis.net/ont/geosparql#sfWithin>  ; sh:nodeKind sh:BlankNodeOrIRI ;  ] . ,846,0,846,"1,77E-22","0,0202",
:386  a sh:NodeShape ; sh:targetClass <https://ns.inria.fr/sure#Quiet>  ; sh:property [ sh:path <http://www.opengis.net/ont/geosparql#sfWithin>  ; sh:nodeKind sh:IRI ;  ] . ,751,0,751,"3,68E-20","0,0179",
:421  a sh:NodeShape ; sh:targetClass <https://ns.inria.fr/sure#Quiet>  ; sh:property [ sh:path <http://www.opengis.net/ont/geosparql#sfWithin>  ; sh:nodeKind sh:IRIOrLiteral ;  ] . ,751,0,751,"3,68E-20","0,0179",
:15  a sh:NodeShape ; sh:targetObjectsOf <http://www.opengis.net/ont/geosparql#hasGeometry>  ; sh:nodeKind sh:BlankNodeOrIRI . ,727,0,727,"1,42E-19","0,0174",
:16  a sh:NodeShape ; sh:targetObjectsOf <http://www.opengis.net/ont/geosparql#hasGeometry>  ; sh:nodeKind sh:IRIOrLiteral . ,727,0,727,"1,42E-19","0,0174",
:17  a sh:NodeShape ; sh:targetObjectsOf <http://www.opengis.net/ont/geosparql#hasGeometry>  ; sh:nodeKind sh:IRI . ,727,0,727,"1,42E-19","0,0174",
:105  a sh:NodeShape ; sh:targetSubjectsOf <http://www.opengis.net/ont/geosparql#asWKT>  ; sh:property [ sh:path <http://www.w3.org/1999/02/22-rdf-syntax-ns#type>  ; sh:nodeKind sh:IRI ;  ] . ,727,0,727,"1,42E-19","0,0174",
:169  a sh:NodeShape ; sh:targetSubjectsOf <http://www.w3.org/1999/02/22-rdf-syntax-ns#type>  ; sh:property [ sh:path <http://www.opengis.net/ont/geosparql#asWKT>  ; sh:datatype <http://www.opengis.net/ont/geosparql#wktLiteral>  ;  ] . ,727,0,727,"1,42E-19","0,0174",
:208  a sh:NodeShape ; sh:targetSubjectsOf <http://www.opengis.net/ont/geosparql#asWKT>  ; sh:property [ sh:path <http://www.w3.org/1999/02/22-rdf-syntax-ns#type>  ; sh:nodeKind sh:BlankNodeOrIRI ;  ] . ,727,0,727,"1,42E-19","0,0174",
:209  a sh:NodeShape ; sh:targetSubjectsOf <http://www.w3.org/1999/02/22-rdf-syntax-ns#type>  ; sh:property [ sh:path <http://www.opengis.net/ont/geosparql#hasGeometry>  ; sh:nodeKind sh:IRIOrLiteral ;  ] . ,727,0,727,"1,42E-19","0,0174",
:210  a sh:NodeShape ; sh:targetSubjectsOf <http://www.opengis.net/ont/geosparql#hasGeometry>  ; sh:property [ sh:path <http://www.opengis.net/ont/geosparql#hasGeometry>  ; sh:nodeKind sh:IRI ;  ] . ,727,0,727,"1,42E-19","0,0174",
:324  a sh:NodeShape ; sh:targetSubjectsOf <http://www.opengis.net/ont/geosparql#asWKT>  ; sh:property [ sh:path <http://www.w3.org/1999/02/22-rdf-syntax-ns#type>  ; sh:nodeKind sh:IRIOrLiteral ;  ] . ,727,0,727,"1,42E-19","0,0174",
:387  a sh:NodeShape ; sh:targetSubjectsOf <http://www.opengis.net/ont/geosparql#asWKT>  ; sh:property [ sh:path <http://www.opengis.net/ont/geosparql#asWKT>  ; sh:datatype <http://www.opengis.net/ont/geosparql#wktLiteral>  ;  ] . ,727,0,727,"1,42E-19","0,0174",
:18  a sh:NodeShape ; sh:targetClass <https://ns.inria.fr/sure#Bright>  ; sh:property [ sh:path <http://www.w3.org/1999/02/22-rdf-syntax-ns#type>  ; sh:nodeKind sh:IRI ;  ] . ,724,0,724,"1,68E-19","0,0173",
:242  a sh:NodeShape ; sh:targetClass <https://ns.inria.fr/sure#Bright>  ; sh:property [ sh:path <http://www.w3.org/1999/02/22-rdf-syntax-ns#type>  ; sh:nodeKind sh:IRIOrLiteral ;  ] . ,724,0,724,"1,68E-19","0,0173",
:19  a sh:NodeShape ; sh:targetClass <http://schema.org/Apartment>  ; sh:property [ sh:path <http://www.w3.org/1999/02/22-rdf-syntax-ns#type>  ; sh:nodeKind sh:BlankNodeOrIRI ;  ] . ,693,0,693,"9,62E-19","0,0166",
:20  a sh:NodeShape ; sh:targetClass <http://schema.org/Apartment>  ; sh:property [ sh:path <http://www.w3.org/1999/02/22-rdf-syntax-ns#type>  ; sh:nodeKind sh:IRI ;  ] . ,693,0,693,"9,62E-19","0,0166",
:21  a sh:NodeShape ; sh:targetObjectsOf <http://www.opengis.net/ont/geosparql#asWKT>  ; sh:nodeKind sh:BlankNodeOrLiteral . ,658,0,658,"6,90E-18","0,0157",
:22  a sh:NodeShape ; sh:targetObjectsOf <http://www.opengis.net/ont/geosparql#asWKT>  ; sh:nodeKind sh:Literal . ,658,0,658,"6,90E-18","0,0157",
:23  a sh:NodeShape ; sh:targetObjectsOf <http://www.opengis.net/ont/geosparql#asWKT>  ; sh:nodeKind sh:IRIOrLiteral . ,658,0,658,"6,90E-18","0,0157",
:24  a sh:NodeShape ; sh:targetObjectsOf <http://www.opengis.net/ont/geosparql#asWKT>  ; sh:datatype <http://www.opengis.net/ont/geosparql#wktLiteral>  . ,658,0,658,"6,90E-18","0,0157",
:25  a sh:NodeShape ; sh:targetObjectsOf <https://ns.inria.fr/sure#hasDescription>  ; sh:nodeKind sh:BlankNodeOrIRI . ,577,0,577,"6,63E-16","0,0138",
:26  a sh:NodeShape ; sh:targetObjectsOf <https://ns.inria.fr/sure#hasDescription>  ; sh:nodeKind sh:IRIOrLiteral . ,577,0,577,"6,63E-16","0,0138",
:38  a sh:NodeShape ; sh:targetSubjectsOf <http://www.w3.org/2003/01/geo/wgs84_pos#lat>  ; sh:property [ sh:path <http://schema.org/floorSize>  ; sh:datatype <http://www.w3.org/2001/XMLSchema#double>  ;  ] . ,577,0,577,"6,63E-16","0,0138",
:41  a sh:NodeShape ; sh:targetSubjectsOf <http://schema.org/hasPrice>  ; sh:property [ sh:path <http://www.w3.org/2003/01/geo/wgs84_pos#lat>  ; sh:datatype <http://www.w3.org/2001/XMLSchema#double>  ;  ] . ,577,0,577,"6,63E-16","0,0138",
:54  a sh:NodeShape ; sh:targetSubjectsOf <http://www.w3.org/1999/02/22-rdf-syntax-ns#type>  ; sh:property [ sh:path <http://schema.org/hasPrice>  ; sh:nodeKind sh:Literal ;  ] . ,577,0,577,"6,63E-16","0,0138",
:55  a sh:NodeShape ; sh:targetSubjectsOf <http://www.opengis.net/ont/geosparql#sfWithin>  ; sh:property [ sh:path <http://schema.org/floorSize>  ; sh:nodeKind sh:Literal ;  ] . ,577,0,577,"6,63E-16","0,0138",
:65  a sh:NodeShape ; sh:targetSubjectsOf <http://www.opengis.net/ont/geosparql#hasGeometry>  ; sh:property [ sh:path <http://www.w3.org/2003/01/geo/wgs84_pos#lat>  ; sh:datatype <http://www.w3.org/2001/XMLSchema#double>  ;  ] . ,577,0,577,"6,63E-16","0,0138",
:67  a sh:NodeShape ; sh:targetSubjectsOf <http://www.w3.org/2003/01/geo/wgs84_pos#lat>  ; sh:property [ sh:path <http://www.w3.org/2003/01/geo/wgs84_pos#lat>  ; sh:datatype <http://www.w3.org/2001/XMLSchema#double>  ;  ] . ,577,0,577,"6,63E-16","0,0138",
:80  a sh:NodeShape ; sh:targetSubjectsOf <http://www.w3.org/2003/01/geo/wgs84_pos#lat>  ; sh:property [ sh:path <http://schema.org/hasPrice>  ; sh:nodeKind sh:IRIOrLiteral ;  ] . ,577,0,577,"6,63E-16","0,0138",
:82  a sh:NodeShape ; sh:targetSubjectsOf <http://www.w3.org/1999/02/22-rdf-syntax-ns#type>  ; sh:property [ sh:path <http://schema.org/hasPrice>  ; sh:datatype <http://www.w3.org/2001/XMLSchema#double>  ;  ] . ,577,0,577,"6,63E-16","0,0138",
:84  a sh:NodeShape ; sh:targetSubjectsOf <http://www.opengis.net/ont/geosparql#hasGeometry>  ; sh:property [ sh:path <http://www.w3.org/2003/01/geo/wgs84_pos#lat>  ; sh:nodeKind sh:IRIOrLiteral ;  ] . ,577,0,577,"6,63E-16","0,0138",
:91  a sh:NodeShape ; sh:targetSubjectsOf <http://www.w3.org/1999/02/22-rdf-syntax-ns#type>  ; sh:property [ sh:path <http://schema.org/hasPrice>  ; sh:nodeKind sh:BlankNodeOrLiteral ;  ] . ,577,0,577,"6,63E-16","0,0138",
:106  a sh:NodeShape ; sh:targetSubjectsOf <http://www.w3.org/2003/01/geo/wgs84_pos#lat>  ; sh:property [ sh:path <http://www.w3.org/2003/01/geo/wgs84_pos#lat>  ; sh:nodeKind sh:BlankNodeOrLiteral ;  ] . ,577,0,577,"6,63E-16","0,0138",
:107  a sh:NodeShape ; sh:targetSubjectsOf <http://purl.org/dc/elements/1.1language>  ; sh:property [ sh:path <http://purl.org/dc/elements/1.1description>  ; sh:nodeKind sh:BlankNodeOrLiteral ;  ] . ,577,0,577,"6,63E-16","0,0138",
:108  a sh:NodeShape ; sh:targetSubjectsOf <http://www.w3.org/2003/01/geo/wgs84_pos#lat>  ; sh:property [ sh:path <https://ns.inria.fr/sure#hasDescription>  ; sh:nodeKind sh:BlankNodeOrIRI ;  ] . ,577,0,577,"6,63E-16","0,0138",
:110  a sh:NodeShape ; sh:targetClass <https://ns.inria.fr/sure#RealEstate>  ; sh:property [ sh:path <http://www.opengis.net/ont/geosparql#hasGeometry>  ; sh:nodeKind sh:BlankNodeOrIRI ;  ] . ,577,0,577,"6,63E-16","0,0138",
:115  a sh:NodeShape ; sh:targetSubjectsOf <http://www.w3.org/1999/02/22-rdf-syntax-ns#type>  ; sh:property [ sh:path <https://ns.inria.fr/sure#hasDescription>  ; sh:nodeKind sh:IRIOrLiteral ;  ] . ,577,0,577,"6,63E-16","0,0138",
:120  a sh:NodeShape ; sh:targetSubjectsOf <http://www.opengis.net/ont/geosparql#sfWithin>  ; sh:property [ sh:path <http://www.w3.org/2003/01/geo/wgs84_pos#long>  ; sh:nodeKind sh:BlankNodeOrLiteral ;  ] . ,577,0,577,"6,63E-16","0,0138",
:124  a sh:NodeShape ; sh:targetSubjectsOf <http://schema.org/hasPrice>  ; sh:property [ sh:path <https://ns.inria.fr/sure#hasDescription>  ; sh:nodeKind sh:IRIOrLiteral ;  ] . ,577,0,577,"6,63E-16","0,0138",
:133  a sh:NodeShape ; sh:targetSubjectsOf <http://schema.org/floorSize>  ; sh:property [ sh:path <https://ns.inria.fr/sure#hasDescription>  ; sh:nodeKind sh:IRI ;  ] . ,577,0,577,"6,63E-16","0,0138",
:140  a sh:NodeShape ; sh:targetSubjectsOf <http://www.w3.org/1999/02/22-rdf-syntax-ns#type>  ; sh:property [ sh:path <http://www.w3.org/2003/01/geo/wgs84_pos#lat>  ; sh:nodeKind sh:Literal ;  ] . ,577,0,577,"6,63E-16","0,0138",
:146  a sh:NodeShape ; sh:targetObjectsOf <https://ns.inria.fr/sure#hasDescription>  ; sh:nodeKind sh:IRI . ,577,0,577,"6,63E-16","0,0138",
:170  a sh:NodeShape ; sh:targetClass <http://www.opengis.net/ont/sf#Point>  ; sh:property [ sh:path <http://www.w3.org/1999/02/22-rdf-syntax-ns#type>  ; sh:nodeKind sh:IRIOrLiteral ;  ] . ,577,0,577,"6,63E-16","0,0138",
:211  a sh:NodeShape ; sh:targetSubjectsOf <http://www.w3.org/2003/01/geo/wgs84_pos#long>  ; sh:property [ sh:path <http://schema.org/hasPrice>  ; sh:nodeKind sh:Literal ;  ] . ,577,0,577,"6,63E-16","0,0138",
:212  a sh:NodeShape ; sh:targetSubjectsOf <http://www.opengis.net/ont/geosparql#sfWithin>  ; sh:property [ sh:path <http://www.w3.org/2003/01/geo/wgs84_pos#lat>  ; sh:nodeKind sh:Literal ;  ] . ,577,0,577,"6,63E-16","0,0138",
:213  a sh:NodeShape ; sh:targetSubjectsOf <http://www.w3.org/2003/01/geo/wgs84_pos#long>  ; sh:property [ sh:path <http://schema.org/floorSize>  ; sh:nodeKind sh:Literal ;  ] . ,577,0,577,"6,63E-16","0,0138",
:214  a sh:NodeShape ; sh:targetSubjectsOf <http://www.w3.org/1999/02/22-rdf-syntax-ns#type>  ; sh:property [ sh:path <http://www.w3.org/2003/01/geo/wgs84_pos#long>  ; sh:datatype <http://www.w3.org/2001/XMLSchema#double>  ;  ] . ,577,0,577,"6,63E-16","0,0138",
:216  a sh:NodeShape ; sh:targetSubjectsOf <http://schema.org/floorSize>  ; sh:property [ sh:path <http://www.opengis.net/ont/geosparql#hasGeometry>  ; sh:nodeKind sh:IRI ;  ] . ,577,0,577,"6,63E-16","0,0138",
:223  a sh:NodeShape ; sh:targetClass <https://ns.inria.fr/sure#RealEstate>  ; sh:property [ sh:path <http://www.w3.org/2003/01/geo/wgs84_pos#long>  ; sh:datatype <http://www.w3.org/2001/XMLSchema#double>  ;  ] . ,577,0,577,"6,63E-16","0,0138",
:229  a sh:NodeShape ; sh:targetClass <https://ns.inria.fr/sure#RealEstate>  ; sh:property [ sh:path <http://www.opengis.net/ont/geosparql#hasGeometry>  ; sh:nodeKind sh:IRIOrLiteral ;  ] . ,577,0,577,"6,63E-16","0,0138",
:231  a sh:NodeShape ; sh:targetSubjectsOf <http://www.w3.org/1999/02/22-rdf-syntax-ns#type>  ; sh:property [ sh:path <http://schema.org/hasPrice>  ; sh:nodeKind sh:IRIOrLiteral ;  ] . ,577,0,577,"6,63E-16","0,0138",
:235  a sh:NodeShape ; sh:targetSubjectsOf <http://purl.org/dc/elements/1.1description>  ; sh:property [ sh:path <http://purl.org/dc/elements/1.1language>  ; sh:datatype <http://www.w3.org/2001/XMLSchema#string>  ;  ] . ,577,0,577,"6,63E-16","0,0138",
:243  a sh:NodeShape ; sh:targetSubjectsOf <http://purl.org/dc/elements/1.1language>  ; sh:property [ sh:path <http://purl.org/dc/elements/1.1language>  ; sh:nodeKind sh:BlankNodeOrLiteral ;  ] . ,577,0,577,"6,63E-16","0,0138",
:244  a sh:NodeShape ; sh:targetSubjectsOf <http://www.opengis.net/ont/geosparql#sfWithin>  ; sh:property [ sh:path <http://schema.org/hasPrice>  ; sh:nodeKind sh:Literal ;  ] . ,577,0,577,"6,63E-16","0,0138",
:245  a sh:NodeShape ; sh:targetSubjectsOf <http://www.w3.org/1999/02/22-rdf-syntax-ns#type>  ; sh:property [ sh:path <http://www.w3.org/2003/01/geo/wgs84_pos#lat>  ; sh:nodeKind sh:BlankNodeOrLiteral ;  ] . ,577,0,577,"6,63E-16","0,0138",
:246  a sh:NodeShape ; sh:targetSubjectsOf <https://ns.inria.fr/sure#hasDescription>  ; sh:property [ sh:path <https://ns.inria.fr/sure#hasDescription>  ; sh:nodeKind sh:BlankNodeOrIRI ;  ] . ,577,0,577,"6,63E-16","0,0138",
:247  a sh:NodeShape ; sh:targetSubjectsOf <http://www.w3.org/2003/01/geo/wgs84_pos#long>  ; sh:property [ sh:path <http://schema.org/hasPrice>  ; sh:datatype <http://www.w3.org/2001/XMLSchema#double>  ;  ] . ,577,0,577,"6,63E-16","0,0138",
:248  a sh:NodeShape ; sh:targetClass <https://ns.inria.fr/sure#RealEstate>  ; sh:property [ sh:path <http://schema.org/floorSize>  ; sh:datatype <http://www.w3.org/2001/XMLSchema#double>  ;  ] . ,577,0,577,"6,63E-16","0,0138",
:249  a sh:NodeShape ; sh:targetSubjectsOf <http://www.w3.org/2003/01/geo/wgs84_pos#long>  ; sh:property [ sh:path <http://schema.org/hasPrice>  ; sh:nodeKind sh:IRIOrLiteral ;  ] . ,577,0,577,"6,63E-16","0,0138",
:250  a sh:NodeShape ; sh:targetSubjectsOf <http://www.w3.org/2003/01/geo/wgs84_pos#lat>  ; sh:property [ sh:path <http://www.w3.org/2003/01/geo/wgs84_pos#long>  ; sh:nodeKind sh:Literal ;  ] . ,577,0,577,"6,63E-16","0,0138",
:251  a sh:NodeShape ; sh:targetSubjectsOf <http://www.w3.org/2003/01/geo/wgs84_pos#long>  ; sh:property [ sh:path <http://www.w3.org/2003/01/geo/wgs84_pos#lat>  ; sh:nodeKind sh:BlankNodeOrLiteral ;  ] . ,577,0,577,"6,63E-16","0,0138",
:252  a sh:NodeShape ; sh:targetSubjectsOf <http://www.w3.org/2003/01/geo/wgs84_pos#lat>  ; sh:property [ sh:path <http://schema.org/hasPrice>  ; sh:nodeKind sh:BlankNodeOrLiteral ;  ] . ,577,0,577,"6,63E-16","0,0138",
:253  a sh:NodeShape ; sh:targetSubjectsOf <http://schema.org/hasPrice>  ; sh:property [ sh:path <https://ns.inria.fr/sure#hasDescription>  ; sh:nodeKind sh:BlankNodeOrIRI ;  ] . ,577,0,577,"6,63E-16","0,0138",
:254  a sh:NodeShape ; sh:targetSubjectsOf <http://schema.org/hasPrice>  ; sh:property [ sh:path <http://www.w3.org/2003/01/geo/wgs84_pos#lat>  ; sh:nodeKind sh:BlankNodeOrLiteral ;  ] . ,577,0,577,"6,63E-16","0,0138",
:290  a sh:NodeShape ; sh:targetSubjectsOf <http://schema.org/hasPrice>  ; sh:property [ sh:path <http://schema.org/floorSize>  ; sh:nodeKind sh:Literal ;  ] . ,577,0,577,"6,63E-16","0,0138",
:291  a sh:NodeShape ; sh:targetSubjectsOf <http://www.w3.org/2003/01/geo/wgs84_pos#long>  ; sh:property [ sh:path <http://schema.org/hasPrice>  ; sh:nodeKind sh:BlankNodeOrLiteral ;  ] . ,577,0,577,"6,63E-16","0,0138",
:292  a sh:NodeShape ; sh:targetSubjectsOf <https://ns.inria.fr/sure#hasDescription>  ; sh:property [ sh:path <http://www.w3.org/2003/01/geo/wgs84_pos#lat>  ; sh:datatype <http://www.w3.org/2001/XMLSchema#double>  ;  ] . ,577,0,577,"6,63E-16","0,0138",
:293  a sh:NodeShape ; sh:targetClass <https://ns.inria.fr/sure#RealEstate>  ; sh:property [ sh:path <http://www.w3.org/2003/01/geo/wgs84_pos#long>  ; sh:nodeKind sh:Literal ;  ] . ,577,0,577,"6,63E-16","0,0138",
:294  a sh:NodeShape ; sh:targetSubjectsOf <http://www.opengis.net/ont/geosparql#sfWithin>  ; sh:property [ sh:path <http://schema.org/hasPrice>  ; sh:nodeKind sh:BlankNodeOrLiteral ;  ] . ,577,0,577,"6,63E-16","0,0138",
:295  a sh:NodeShape ; sh:targetSubjectsOf <http://schema.org/floorSize>  ; sh:property [ sh:path <http://www.w3.org/2003/01/geo/wgs84_pos#lat>  ; sh:datatype <http://www.w3.org/2001/XMLSchema#double>  ;  ] . ,577,0,577,"6,63E-16","0,0138",
:296  a sh:NodeShape ; sh:targetSubjectsOf <http://www.w3.org/2003/01/geo/wgs84_pos#lat>  ; sh:property [ sh:path <https://ns.inria.fr/sure#hasDescription>  ; sh:nodeKind sh:IRIOrLiteral ;  ] . ,577,0,577,"6,63E-16","0,0138",
:325  a sh:NodeShape ; sh:targetSubjectsOf <http://schema.org/floorSize>  ; sh:property [ sh:path <http://www.w3.org/2003/01/geo/wgs84_pos#long>  ; sh:nodeKind sh:IRIOrLiteral ;  ] . ,577,0,577,"6,63E-16","0,0138",
:326  a sh:NodeShape ; sh:targetSubjectsOf <http://schema.org/hasPrice>  ; sh:property [ sh:path <http://schema.org/hasPrice>  ; sh:nodeKind sh:Literal ;  ] . ,577,0,577,"6,63E-16","0,0138",
:327  a sh:NodeShape ; sh:targetSubjectsOf <http://www.w3.org/2003/01/geo/wgs84_pos#lat>  ; sh:property [ sh:path <https://ns.inria.fr/sure#hasDescription>  ; sh:nodeKind sh:IRI ;  ] . ,577,0,577,"6,63E-16","0,0138",
:328  a sh:NodeShape ; sh:targetSubjectsOf <http://schema.org/floorSize>  ; sh:property [ sh:path <http://www.opengis.net/ont/geosparql#hasGeometry>  ; sh:nodeKind sh:BlankNodeOrIRI ;  ] . ,577,0,577,"6,63E-16","0,0138",
:329  a sh:NodeShape ; sh:targetSubjectsOf <http://www.w3.org/1999/02/22-rdf-syntax-ns#type>  ; sh:property [ sh:path <http://schema.org/floorSize>  ; sh:nodeKind sh:Literal ;  ] . ,577,0,577,"6,63E-16","0,0138",
:337  a sh:NodeShape ; sh:targetSubjectsOf <https://ns.inria.fr/sure#hasDescription>  ; sh:property [ sh:path <http://www.w3.org/2003/01/geo/wgs84_pos#long>  ; sh:datatype <http://www.w3.org/2001/XMLSchema#double>  ;  ] . ,577,0,577,"6,63E-16","0,0138",
:343  a sh:NodeShape ; sh:targetClass <https://ns.inria.fr/sure#RealEstate>  ; sh:property [ sh:path <http://www.opengis.net/ont/geosparql#hasGeometry>  ; sh:nodeKind sh:IRI ;  ] . ,577,0,577,"6,63E-16","0,0138",
:344  a sh:NodeShape ; sh:targetSubjectsOf <http://www.w3.org/2003/01/geo/wgs84_pos#long>  ; sh:property [ sh:path <http://schema.org/floorSize>  ; sh:datatype <http://www.w3.org/2001/XMLSchema#double>  ;  ] . ,577,0,577,"6,63E-16","0,0138",
:353  a sh:NodeShape ; sh:targetSubjectsOf <https://ns.inria.fr/sure#hasDescription>  ; sh:property [ sh:path <http://schema.org/hasPrice>  ; sh:nodeKind sh:Literal ;  ] . ,577,0,577,"6,63E-16","0,0138",
:354  a sh:NodeShape ; sh:targetSubjectsOf <https://ns.inria.fr/sure#hasDescription>  ; sh:property [ sh:path <http://schema.org/hasPrice>  ; sh:nodeKind sh:IRIOrLiteral ;  ] . ,577,0,577,"6,63E-16","0,0138",
:355  a sh:NodeShape ; sh:targetSubjectsOf <http://schema.org/floorSize>  ; sh:property [ sh:path <http://www.w3.org/2003/01/geo/wgs84_pos#long>  ; sh:nodeKind sh:Literal ;  ] . ,577,0,577,"6,63E-16","0,0138",
:356  a sh:NodeShape ; sh:targetSubjectsOf <http://schema.org/hasPrice>  ; sh:property [ sh:path <http://www.w3.org/2003/01/geo/wgs84_pos#long>  ; sh:datatype <http://www.w3.org/2001/XMLSchema#double>  ;  ] . ,577,0,577,"6,63E-16","0,0138",
:357  a sh:NodeShape ; sh:targetSubjectsOf <http://www.opengis.net/ont/geosparql#hasGeometry>  ; sh:property [ sh:path <http://www.w3.org/2003/01/geo/wgs84_pos#long>  ; sh:nodeKind sh:Literal ;  ] . ,577,0,577,"6,63E-16","0,0138",
:365  a sh:NodeShape ; sh:targetSubjectsOf <http://schema.org/floorSize>  ; sh:property [ sh:path <http://www.opengis.net/ont/geosparql#hasGeometry>  ; sh:nodeKind sh:IRIOrLiteral ;  ] . ,577,0,577,"6,63E-16","0,0138",
:371  a sh:NodeShape ; sh:targetClass <https://ns.inria.fr/sure#RealEstate>  ; sh:property [ sh:path <http://www.w3.org/2003/01/geo/wgs84_pos#lat>  ; sh:datatype <http://www.w3.org/2001/XMLSchema#double>  ;  ] . ,577,0,577,"6,63E-16","0,0138",
:388  a sh:NodeShape ; sh:targetClass <https://ns.inria.fr/sure#RealEstate>  ; sh:property [ sh:path <http://www.w3.org/2003/01/geo/wgs84_pos#lat>  ; sh:nodeKind sh:IRIOrLiteral ;  ] . ,577,0,577,"6,63E-16","0,0138",
:389  a sh:NodeShape ; sh:targetSubjectsOf <https://ns.inria.fr/sure#hasDescription>  ; sh:property [ sh:path <http://www.opengis.net/ont/geosparql#hasGeometry>  ; sh:nodeKind sh:BlankNodeOrIRI ;  ] . ,577,0,577,"6,63E-16","0,0138",
:390  a sh:NodeShape ; sh:targetClass <http://www.opengis.net/ont/sf#Point>  ; sh:property [ sh:path <http://www.opengis.net/ont/geosparql#asWKT>  ; sh:datatype <http://www.opengis.net/ont/geosparql#wktLiteral>  ;  ] . ,577,0,577,"6,63E-16","0,0138",
:391  a sh:NodeShape ; sh:targetSubjectsOf <http://www.w3.org/2003/01/geo/wgs84_pos#lat>  ; sh:property [ sh:path <http://www.w3.org/2003/01/geo/wgs84_pos#long>  ; sh:nodeKind sh:IRIOrLiteral ;  ] . ,577,0,577,"6,63E-16","0,0138",
:392  a sh:NodeShape ; sh:targetSubjectsOf <http://www.opengis.net/ont/geosparql#hasGeometry>  ; sh:property [ sh:path <http://schema.org/hasPrice>  ; sh:datatype <http://www.w3.org/2001/XMLSchema#double>  ;  ] . ,577,0,577,"6,63E-16","0,0138",
:393  a sh:NodeShape ; sh:targetSubjectsOf <http://www.opengis.net/ont/geosparql#hasGeometry>  ; sh:property [ sh:path <http://schema.org/floorSize>  ; sh:nodeKind sh:IRIOrLiteral ;  ] . ,577,0,577,"6,63E-16","0,0138",
:398  a sh:NodeShape ; sh:targetSubjectsOf <http://purl.org/dc/elements/1.1description>  ; sh:property [ sh:path <http://purl.org/dc/elements/1.1description>  ; sh:nodeKind sh:IRIOrLiteral ;  ] . ,577,0,577,"6,63E-16","0,0138",
:404  a sh:NodeShape ; sh:targetSubjectsOf <http://schema.org/floorSize>  ; sh:property [ sh:path <http://schema.org/hasPrice>  ; sh:datatype <http://www.w3.org/2001/XMLSchema#double>  ;  ] . ,577,0,577,"6,63E-16","0,0138",
:409  a sh:NodeShape ; sh:targetSubjectsOf <http://www.opengis.net/ont/geosparql#sfWithin>  ; sh:property [ sh:path <http://www.opengis.net/ont/geosparql#hasGeometry>  ; sh:class <http://www.opengis.net/ont/sf#Point>  ;  ] . ,577,0,577,"6,63E-16","0,0138",
:422  a sh:NodeShape ; sh:targetSubjectsOf <http://www.opengis.net/ont/geosparql#hasGeometry>  ; sh:property [ sh:path <https://ns.inria.fr/sure#hasDescription>  ; sh:nodeKind sh:BlankNodeOrIRI ;  ] . ,577,0,577,"6,63E-16","0,0138",
:423  a sh:NodeShape ; sh:targetSubjectsOf <http://www.w3.org/2003/01/geo/wgs84_pos#lat>  ; sh:property [ sh:path <http://www.w3.org/2003/01/geo/wgs84_pos#long>  ; sh:datatype <http://www.w3.org/2001/XMLSchema#double>  ;  ] . ,577,0,577,"6,63E-16","0,0138",
:424  a sh:NodeShape ; sh:targetSubjectsOf <http://www.opengis.net/ont/geosparql#sfWithin>  ; sh:property [ sh:path <http://www.w3.org/2003/01/geo/wgs84_pos#lat>  ; sh:datatype <http://www.w3.org/2001/XMLSchema#double>  ;  ] . ,577,0,577,"6,63E-16","0,0138",
:434  a sh:NodeShape ; sh:targetSubjectsOf <http://purl.org/dc/elements/1.1language>  ; sh:property [ sh:path <http://purl.org/dc/elements/1.1language>  ; sh:datatype <http://www.w3.org/2001/XMLSchema#string>  ;  ] . ,577,0,577,"6,63E-16","0,0138",
:39  a sh:NodeShape ; sh:targetSubjectsOf <http://www.opengis.net/ont/geosparql#hasGeometry>  ; sh:property [ sh:path <http://schema.org/numberOfRooms>  ; sh:nodeKind sh:IRIOrLiteral ;  ] . ,573,0,573,"8,31E-16","0,0137",
:50  a sh:NodeShape ; sh:targetSubjectsOf <http://www.w3.org/2003/01/geo/wgs84_pos#lat>  ; sh:property [ sh:path <http://schema.org/numberOfRooms>  ; sh:nodeKind sh:BlankNodeOrLiteral ;  ] . ,573,0,573,"8,31E-16","0,0137",
:53  a sh:NodeShape ; sh:targetSubjectsOf <http://schema.org/numberOfRooms>  ; sh:property [ sh:path <http://www.w3.org/2003/01/geo/wgs84_pos#long>  ; sh:datatype <http://www.w3.org/2001/XMLSchema#double>  ;  ] . ,573,0,573,"8,31E-16","0,0137",
:73  a sh:NodeShape ; sh:targetSubjectsOf <http://schema.org/numberOfRooms>  ; sh:property [ sh:path <http://www.w3.org/2003/01/geo/wgs84_pos#lat>  ; sh:nodeKind sh:IRIOrLiteral ;  ] . ,573,0,573,"8,31E-16","0,0137",
:134  a sh:NodeShape ; sh:targetSubjectsOf <http://schema.org/hasPrice>  ; sh:property [ sh:path <http://schema.org/numberOfRooms>  ; sh:nodeKind sh:Literal ;  ] . ,573,0,573,"8,31E-16","0,0137",
:171  a sh:NodeShape ; sh:targetSubjectsOf <http://schema.org/numberOfRooms>  ; sh:property [ sh:path <http://schema.org/hasPrice>  ; sh:datatype <http://www.w3.org/2001/XMLSchema#double>  ;  ] . ,573,0,573,"8,31E-16","0,0137",
:188  a sh:NodeShape ; sh:targetSubjectsOf <http://schema.org/numberOfRooms>  ; sh:property [ sh:path <http://www.w3.org/2003/01/geo/wgs84_pos#long>  ; sh:nodeKind sh:IRIOrLiteral ;  ] . ,573,0,573,"8,31E-16","0,0137",
:215  a sh:NodeShape ; sh:targetSubjectsOf <http://schema.org/numberOfRooms>  ; sh:property [ sh:path <https://ns.inria.fr/sure#hasDescription>  ; sh:nodeKind sh:BlankNodeOrIRI ;  ] . ,573,0,573,"8,31E-16","0,0137",
:218  a sh:NodeShape ; sh:targetSubjectsOf <http://www.opengis.net/ont/geosparql#hasGeometry>  ; sh:property [ sh:path <http://schema.org/numberOfRooms>  ; sh:datatype <http://www.w3.org/2001/XMLSchema#double>  ;  ] . ,573,0,573,"8,31E-16","0,0137",
:227  a sh:NodeShape ; sh:targetSubjectsOf <http://schema.org/numberOfRooms>  ; sh:property [ sh:path <http://www.w3.org/2003/01/geo/wgs84_pos#lat>  ; sh:datatype <http://www.w3.org/2001/XMLSchema#double>  ;  ] . ,573,0,573,"8,31E-16","0,0137",
:234  a sh:NodeShape ; sh:targetSubjectsOf <http://schema.org/numberOfRooms>  ; sh:property [ sh:path <http://schema.org/hasPrice>  ; sh:nodeKind sh:BlankNodeOrLiteral ;  ] . ,573,0,573,"8,31E-16","0,0137",
:255  a sh:NodeShape ; sh:targetSubjectsOf <https://ns.inria.fr/sure#hasDescription>  ; sh:property [ sh:path <http://schema.org/numberOfRooms>  ; sh:datatype <http://www.w3.org/2001/XMLSchema#double>  ;  ] . ,573,0,573,"8,31E-16","0,0137",
:256  a sh:NodeShape ; sh:targetSubjectsOf <http://schema.org/numberOfRooms>  ; sh:property [ sh:path <http://www.opengis.net/ont/geosparql#hasGeometry>  ; sh:nodeKind sh:IRI ;  ] . ,573,0,573,"8,31E-16","0,0137",
:257  a sh:NodeShape ; sh:targetSubjectsOf <http://schema.org/numberOfRooms>  ; sh:property [ sh:path <http://www.opengis.net/ont/geosparql#hasGeometry>  ; sh:nodeKind sh:IRIOrLiteral ;  ] . ,573,0,573,"8,31E-16","0,0137",
:335  a sh:NodeShape ; sh:targetSubjectsOf <http://schema.org/numberOfRooms>  ; sh:property [ sh:path <http://schema.org/numberOfRooms>  ; sh:nodeKind sh:IRIOrLiteral ;  ] . ,573,0,573,"8,31E-16","0,0137",
:364  a sh:NodeShape ; sh:targetSubjectsOf <http://www.w3.org/1999/02/22-rdf-syntax-ns#type>  ; sh:property [ sh:path <http://schema.org/numberOfRooms>  ; sh:nodeKind sh:IRIOrLiteral ;  ] . ,573,0,573,"8,31E-16","0,0137",
:367  a sh:NodeShape ; sh:targetSubjectsOf <http://www.w3.org/2003/01/geo/wgs84_pos#long>  ; sh:property [ sh:path <http://schema.org/numberOfRooms>  ; sh:nodeKind sh:BlankNodeOrLiteral ;  ] . ,573,0,573,"8,31E-16","0,0137",
:402  a sh:NodeShape ; sh:targetSubjectsOf <http://www.w3.org/1999/02/22-rdf-syntax-ns#type>  ; sh:property [ sh:path <http://schema.org/numberOfRooms>  ; sh:nodeKind sh:Literal ;  ] . ,573,0,573,"8,31E-16","0,0137",
:427  a sh:NodeShape ; sh:targetSubjectsOf <http://www.opengis.net/ont/geosparql#sfWithin>  ; sh:property [ sh:path <http://schema.org/numberOfRooms>  ; sh:datatype <http://www.w3.org/2001/XMLSchema#double>  ;  ] . ,573,0,573,"8,31E-16","0,0137",
:47  a sh:NodeShape ; sh:targetObjectsOf <http://purl.org/dc/elements/1.1description>  ; sh:nodeKind sh:Literal . ,569,0,569,"1,04E-15","0,0136",
:118  a sh:NodeShape ; sh:targetObjectsOf <http://purl.org/dc/elements/1.1description>  ; sh:nodeKind sh:BlankNodeOrLiteral . ,569,0,569,"1,04E-15","0,0136",
:136  a sh:NodeShape ; sh:targetObjectsOf <http://purl.org/dc/elements/1.1description>  ; sh:datatype <http://www.w3.org/2001/XMLSchema#string>  . ,569,0,569,"1,04E-15","0,0136",
:174  a sh:NodeShape ; sh:targetObjectsOf <http://purl.org/dc/elements/1.1description>  ; sh:nodeKind sh:IRIOrLiteral . ,569,0,569,"1,04E-15","0,0136",
:62  a sh:NodeShape ; sh:targetClass <http://www.w3.org/2002/07/owl#Class>  ; sh:property [ sh:path <http://www.w3.org/2000/01/rdf-schema#subClassOf>  ; sh:nodeKind sh:IRIOrLiteral ;  ] . ,487,0,487,"1,07E-13","0,0116",
:90  a sh:NodeShape ; sh:targetClass <http://www.w3.org/2004/02/skos/core#Concept>  ; sh:property [ sh:path <http://www.w3.org/2000/01/rdf-schema#subClassOf>  ; sh:nodeKind sh:IRIOrLiteral ;  ] . ,487,0,487,"1,07E-13","0,0116",
:195  a sh:NodeShape ; sh:targetClass <http://www.w3.org/2004/02/skos/core#Concept>  ; sh:property [ sh:path <http://www.w3.org/2000/01/rdf-schema#subClassOf>  ; sh:nodeKind sh:IRI ;  ] . ,487,0,487,"1,07E-13","0,0116",
:220  a sh:NodeShape ; sh:targetSubjectsOf <http://www.w3.org/1999/02/22-rdf-syntax-ns#type>  ; sh:property [ sh:path <http://www.w3.org/2000/01/rdf-schema#subClassOf>  ; sh:nodeKind sh:BlankNodeOrIRI ;  ] . ,487,0,487,"1,07E-13","0,0116",
:263  a sh:NodeShape ; sh:targetSubjectsOf <http://www.w3.org/1999/02/22-rdf-syntax-ns#type>  ; sh:property [ sh:path <http://www.w3.org/2000/01/rdf-schema#subClassOf>  ; sh:nodeKind sh:IRIOrLiteral ;  ] . ,487,0,487,"1,07E-13","0,0116",
:52  a sh:NodeShape ; sh:targetObjectsOf <http://www.w3.org/2003/01/geo/wgs84_pos#long>  ; sh:nodeKind sh:Literal . ,483,0,483,"1,34E-13","0,0115",
:59  a sh:NodeShape ; sh:targetObjectsOf <http://www.w3.org/2003/01/geo/wgs84_pos#long>  ; sh:datatype <http://www.w3.org/2001/XMLSchema#double>  . ,483,0,483,"1,34E-13","0,0115",
:70  a sh:NodeShape ; sh:targetObjectsOf <http://www.w3.org/2003/01/geo/wgs84_pos#long>  ; sh:nodeKind sh:BlankNodeOrLiteral . ,483,0,483,"1,34E-13","0,0115",
:123  a sh:NodeShape ; sh:targetObjectsOf <http://www.w3.org/2003/01/geo/wgs84_pos#long>  ; sh:nodeKind sh:IRIOrLiteral . ,483,0,483,"1,34E-13","0,0115",
:27  a sh:NodeShape ; sh:targetObjectsOf <http://www.w3.org/ns/oa#hasSource>  ; sh:nodeKind sh:IRIOrLiteral . ,436,0,436,"1,93E-12","0,0104",
:48  a sh:NodeShape ; sh:targetObjectsOf <http://www.w3.org/2003/01/geo/wgs84_pos#lat>  ; sh:datatype <http://www.w3.org/2001/XMLSchema#double>  . ,436,0,436,"1,93E-12","0,0104",
:64  a sh:NodeShape ; sh:targetObjectsOf <http://www.w3.org/ns/oa#hasSource>  ; sh:nodeKind sh:IRI . ,436,0,436,"1,93E-12","0,0104",
:72  a sh:NodeShape ; sh:targetObjectsOf <http://www.w3.org/2003/01/geo/wgs84_pos#lat>  ; sh:nodeKind sh:IRIOrLiteral . ,436,0,436,"1,93E-12","0,0104",
:77  a sh:NodeShape ; sh:targetObjectsOf <http://www.w3.org/2003/01/geo/wgs84_pos#lat>  ; sh:nodeKind sh:BlankNodeOrLiteral . ,436,0,436,"1,93E-12","0,0104",
:88  a sh:NodeShape ; sh:targetObjectsOf <http://www.w3.org/2003/01/geo/wgs84_pos#lat>  ; sh:nodeKind sh:Literal . ,436,0,436,"1,93E-12","0,0104",
:191  a sh:NodeShape ; sh:targetObjectsOf <http://www.w3.org/ns/oa#hasSource>  ; sh:nodeKind sh:BlankNodeOrIRI . ,436,0,436,"1,93E-12","0,0104",
:57  a sh:NodeShape ; sh:targetClass <http://schema.org/Apartment>  ; sh:property [ sh:path <http://www.opengis.net/ont/geosparql#sfWithin>  ; sh:nodeKind sh:IRI ;  ] . ,427,0,427,"3,21E-12","0,0102",
:338  a sh:NodeShape ; sh:targetClass <http://schema.org/Apartment>  ; sh:property [ sh:path <http://www.opengis.net/ont/geosparql#sfWithin>  ; sh:nodeKind sh:IRIOrLiteral ;  ] . ,427,0,427,"3,21E-12","0,0102",
:117  a sh:NodeShape ; sh:targetClass <http://schema.org/House>  ; sh:property [ sh:path <http://www.opengis.net/ont/geosparql#hasGeometry>  ; sh:nodeKind sh:BlankNodeOrIRI ;  ] . ,388,0,388,"2,94E-11","0,0093",
:260  a sh:NodeShape ; sh:targetClass <http://schema.org/House>  ; sh:property [ sh:path <http://schema.org/hasPrice>  ; sh:datatype <http://www.w3.org/2001/XMLSchema#double>  ;  ] . ,388,0,388,"2,94E-11","0,0093",
:273  a sh:NodeShape ; sh:targetClass <http://schema.org/House>  ; sh:property [ sh:path <http://www.w3.org/2003/01/geo/wgs84_pos#lat>  ; sh:nodeKind sh:IRIOrLiteral ;  ] . ,388,0,388,"2,94E-11","0,0093",
:298  a sh:NodeShape ; sh:targetClass <http://schema.org/House>  ; sh:property [ sh:path <http://schema.org/floorSize>  ; sh:datatype <http://www.w3.org/2001/XMLSchema#double>  ;  ] . ,388,0,388,"2,94E-11","0,0093",
:300  a sh:NodeShape ; sh:targetClass <http://schema.org/House>  ; sh:property [ sh:path <http://www.opengis.net/ont/geosparql#hasGeometry>  ; sh:nodeKind sh:IRIOrLiteral ;  ] . ,388,0,388,"2,94E-11","0,0093",
:317  a sh:NodeShape ; sh:targetClass <http://schema.org/House>  ; sh:property [ sh:path <https://ns.inria.fr/sure#hasDescription>  ; sh:nodeKind sh:IRI ;  ] . ,388,0,388,"2,94E-11","0,0093",
:339  a sh:NodeShape ; sh:targetClass <http://schema.org/House>  ; sh:property [ sh:path <http://schema.org/hasPrice>  ; sh:nodeKind sh:IRIOrLiteral ;  ] . ,388,0,388,"2,94E-11","0,0093",
:274  a sh:NodeShape ; sh:targetClass <http://schema.org/House>  ; sh:property [ sh:path <http://schema.org/numberOfRooms>  ; sh:datatype <http://www.w3.org/2001/XMLSchema#double>  ;  ] . ,384,0,384,"3,69E-11","0,0092",
:46  a sh:NodeShape ; sh:targetClass <https://ns.inria.fr/sure#Parking>  ; sh:property [ sh:path <https://ns.inria.fr/sure#hasDescription>  ; sh:nodeKind sh:BlankNodeOrIRI ;  ] . ,359,0,359,"1,53E-10","0,0086",
:56  a sh:NodeShape ; sh:targetClass <https://ns.inria.fr/sure#Parking>  ; sh:property [ sh:path <http://schema.org/hasPrice>  ; sh:datatype <http://www.w3.org/2001/XMLSchema#double>  ;  ] . ,359,0,359,"1,53E-10","0,0086",
:135  a sh:NodeShape ; sh:targetClass <https://ns.inria.fr/sure#Parking>  ; sh:property [ sh:path <https://ns.inria.fr/sure#hasDescription>  ; sh:nodeKind sh:IRI ;  ] . ,359,0,359,"1,53E-10","0,0086",
:152  a sh:NodeShape ; sh:targetClass <https://ns.inria.fr/sure#Parking>  ; sh:property [ sh:path <http://schema.org/hasPrice>  ; sh:nodeKind sh:Literal ;  ] . ,359,0,359,"1,53E-10","0,0086",
:172  a sh:NodeShape ; sh:targetClass <https://ns.inria.fr/sure#Parking>  ; sh:property [ sh:path <http://www.w3.org/2003/01/geo/wgs84_pos#lat>  ; sh:nodeKind sh:Literal ;  ] . ,359,0,359,"1,53E-10","0,0086",
:272  a sh:NodeShape ; sh:targetClass <https://ns.inria.fr/sure#Parking>  ; sh:property [ sh:path <https://ns.inria.fr/sure#hasDescription>  ; sh:nodeKind sh:IRIOrLiteral ;  ] . ,359,0,359,"1,53E-10","0,0086",
:313  a sh:NodeShape ; sh:targetClass <https://ns.inria.fr/sure#Parking>  ; sh:property [ sh:path <http://www.w3.org/2003/01/geo/wgs84_pos#lat>  ; sh:nodeKind sh:BlankNodeOrLiteral ;  ] . ,359,0,359,"1,53E-10","0,0086",
:426  a sh:NodeShape ; sh:targetClass <https://ns.inria.fr/sure#Parking>  ; sh:property [ sh:path <http://www.w3.org/2003/01/geo/wgs84_pos#long>  ; sh:datatype <http://www.w3.org/2001/XMLSchema#double>  ;  ] . ,359,0,359,"1,53E-10","0,0086",
:377  a sh:NodeShape ; sh:targetSubjectsOf <http://www.w3.org/2004/02/skos/core#narrower>  ; sh:property [ sh:path <http://www.w3.org/1999/02/22-rdf-syntax-ns#type>  ; sh:nodeKind sh:IRIOrLiteral ;  ] . ,344,0,344,"3,59E-10","0,0082",
:311  a sh:NodeShape ; sh:targetClass <https://ns.inria.fr/sure#Luxury>  ; sh:property [ sh:path <http://www.w3.org/1999/02/22-rdf-syntax-ns#type>  ; sh:nodeKind sh:IRIOrLiteral ;  ] . ,310,0,310,"2,50E-09","0,0074",
:368  a sh:NodeShape ; sh:targetClass <https://ns.inria.fr/sure#Luxury>  ; sh:property [ sh:path <http://www.w3.org/1999/02/22-rdf-syntax-ns#type>  ; sh:nodeKind sh:IRI ;  ] . ,310,0,310,"2,50E-09","0,0074",
:33  a sh:NodeShape ; sh:targetObjectsOf <http://www.w3.org/ns/oa#end>  ; sh:nodeKind sh:Literal . ,306,0,306,"3,15E-09","0,0073",
:34  a sh:NodeShape ; sh:targetObjectsOf <http://www.w3.org/ns/oa#end>  ; sh:datatype <http://www.w3.org/2001/XMLSchema#double>  . ,306,0,306,"3,15E-09","0,0073",
:78  a sh:NodeShape ; sh:targetObjectsOf <http://www.w3.org/ns/oa#end>  ; sh:nodeKind sh:IRIOrLiteral . ,306,0,306,"3,15E-09","0,0073",
:109  a sh:NodeShape ; sh:targetObjectsOf <http://www.w3.org/ns/oa#end>  ; sh:nodeKind sh:BlankNodeOrLiteral . ,306,0,306,"3,15E-09","0,0073",
:29  a sh:NodeShape ; sh:targetObjectsOf <http://www.w3.org/ns/oa#start>  ; sh:nodeKind sh:Literal . ,302,0,302,"3,96E-09","0,0072",
:44  a sh:NodeShape ; sh:targetObjectsOf <http://www.w3.org/ns/oa#start>  ; sh:datatype <http://www.w3.org/2001/XMLSchema#double>  . ,302,0,302,"3,96E-09","0,0072",
:265  a sh:NodeShape ; sh:targetObjectsOf <http://www.w3.org/ns/oa#start>  ; sh:nodeKind sh:IRIOrLiteral . ,302,0,302,"3,96E-09","0,0072",
:299  a sh:NodeShape ; sh:targetObjectsOf <http://www.w3.org/ns/oa#start>  ; sh:nodeKind sh:BlankNodeOrLiteral . ,302,0,302,"3,96E-09","0,0072",
:144  a sh:NodeShape ; sh:targetClass <https://ns.inria.fr/sure#Quiet>  ; sh:property [ sh:path <http://www.w3.org/2003/01/geo/wgs84_pos#long>  ; sh:nodeKind sh:Literal ;  ] . ,288,0,288,"8,82E-09","0,0069",
:176  a sh:NodeShape ; sh:targetClass <https://ns.inria.fr/sure#Quiet>  ; sh:property [ sh:path <http://www.w3.org/2003/01/geo/wgs84_pos#lat>  ; sh:nodeKind sh:IRIOrLiteral ;  ] . ,288,0,288,"8,82E-09","0,0069",
:190  a sh:NodeShape ; sh:targetClass <https://ns.inria.fr/sure#Quiet>  ; sh:property [ sh:path <http://schema.org/floorSize>  ; sh:nodeKind sh:BlankNodeOrLiteral ;  ] . ,288,0,288,"8,82E-09","0,0069",
:196  a sh:NodeShape ; sh:targetClass <https://ns.inria.fr/sure#Quiet>  ; sh:property [ sh:path <http://www.w3.org/2003/01/geo/wgs84_pos#long>  ; sh:nodeKind sh:IRIOrLiteral ;  ] . ,288,0,288,"8,82E-09","0,0069",
:258  a sh:NodeShape ; sh:targetClass <https://ns.inria.fr/sure#Quiet>  ; sh:property [ sh:path <http://schema.org/hasPrice>  ; sh:datatype <http://www.w3.org/2001/XMLSchema#double>  ;  ] . ,288,0,288,"8,82E-09","0,0069",
:304  a sh:NodeShape ; sh:targetClass <https://ns.inria.fr/sure#Quiet>  ; sh:property [ sh:path <http://www.w3.org/2003/01/geo/wgs84_pos#lat>  ; sh:datatype <http://www.w3.org/2001/XMLSchema#double>  ;  ] . ,288,0,288,"8,82E-09","0,0069",
:314  a sh:NodeShape ; sh:targetClass <https://ns.inria.fr/sure#Quiet>  ; sh:property [ sh:path <http://schema.org/hasPrice>  ; sh:nodeKind sh:BlankNodeOrLiteral ;  ] . ,288,0,288,"8,82E-09","0,0069",
:330  a sh:NodeShape ; sh:targetClass <https://ns.inria.fr/sure#Quiet>  ; sh:property [ sh:path <http://www.w3.org/2003/01/geo/wgs84_pos#long>  ; sh:nodeKind sh:BlankNodeOrLiteral ;  ] . ,288,0,288,"8,82E-09","0,0069",
:342  a sh:NodeShape ; sh:targetClass <https://ns.inria.fr/sure#Quiet>  ; sh:property [ sh:path <http://schema.org/floorSize>  ; sh:datatype <http://www.w3.org/2001/XMLSchema#double>  ;  ] . ,288,0,288,"8,82E-09","0,0069",
:408  a sh:NodeShape ; sh:targetClass <https://ns.inria.fr/sure#Quiet>  ; sh:property [ sh:path <http://schema.org/hasPrice>  ; sh:nodeKind sh:IRIOrLiteral ;  ] . ,288,0,288,"8,82E-09","0,0069",
:180  a sh:NodeShape ; sh:targetClass <https://ns.inria.fr/sure#Quiet>  ; sh:property [ sh:path <http://schema.org/numberOfRooms>  ; sh:nodeKind sh:Literal ;  ] . ,286,0,286,"9,89E-09","0,0068",
:279  a sh:NodeShape ; sh:targetClass <https://ns.inria.fr/sure#Quiet>  ; sh:property [ sh:path <http://schema.org/numberOfRooms>  ; sh:nodeKind sh:IRIOrLiteral ;  ] . ,286,0,286,"9,89E-09","0,0068",
:32  a sh:NodeShape ; sh:targetObjectsOf <http://schema.org/hasPrice>  ; sh:datatype <http://www.w3.org/2001/XMLSchema#double>  . ,267,0,267,"2,94E-08","0,0064",
:63  a sh:NodeShape ; sh:targetObjectsOf <http://schema.org/hasPrice>  ; sh:nodeKind sh:IRIOrLiteral . ,267,0,267,"2,94E-08","0,0064",
:228  a sh:NodeShape ; sh:targetObjectsOf <http://schema.org/hasPrice>  ; sh:nodeKind sh:BlankNodeOrLiteral . ,267,0,267,"2,94E-08","0,0064",
:276  a sh:NodeShape ; sh:targetObjectsOf <http://schema.org/hasPrice>  ; sh:nodeKind sh:Literal . ,267,0,267,"2,94E-08","0,0064",
:42  a sh:NodeShape ; sh:targetClass <http://schema.org/Apartment>  ; sh:property [ sh:path <http://www.w3.org/2003/01/geo/wgs84_pos#lat>  ; sh:nodeKind sh:BlankNodeOrLiteral ;  ] . ,189,0,189,"2,66E-06","0,0045",
:199  a sh:NodeShape ; sh:targetClass <http://schema.org/Apartment>  ; sh:property [ sh:path <http://schema.org/hasPrice>  ; sh:nodeKind sh:BlankNodeOrLiteral ;  ] . ,189,0,189,"2,66E-06","0,0045",
:278  a sh:NodeShape ; sh:targetClass <http://schema.org/Apartment>  ; sh:property [ sh:path <https://ns.inria.fr/sure#hasDescription>  ; sh:nodeKind sh:IRI ;  ] . ,189,0,189,"2,66E-06","0,0045",
:309  a sh:NodeShape ; sh:targetClass <http://schema.org/Apartment>  ; sh:property [ sh:path <http://www.opengis.net/ont/geosparql#hasGeometry>  ; sh:nodeKind sh:IRIOrLiteral ;  ] . ,189,0,189,"2,66E-06","0,0045",
:333  a sh:NodeShape ; sh:targetClass <http://schema.org/Apartment>  ; sh:property [ sh:path <http://schema.org/floorSize>  ; sh:nodeKind sh:BlankNodeOrLiteral ;  ] . ,189,0,189,"2,66E-06","0,0045",
:359  a sh:NodeShape ; sh:targetClass <http://schema.org/Apartment>  ; sh:property [ sh:path <https://ns.inria.fr/sure#hasDescription>  ; sh:nodeKind sh:BlankNodeOrIRI ;  ] . ,189,0,189,"2,66E-06","0,0045",
:226  a sh:NodeShape ; sh:targetSubjectsOf <http://www.w3.org/1999/02/22-rdf-syntax-ns#type>  ; sh:property [ sh:path <http://www.w3.org/2004/02/skos/core#narrower>  ; sh:nodeKind sh:BlankNodeOrIRI ;  ] . ,172,0,172,"7,18E-06","0,0041",
:316  a sh:NodeShape ; sh:targetSubjectsOf <http://www.w3.org/2004/02/skos/core#narrower>  ; sh:property [ sh:path <http://www.w3.org/2000/01/rdf-schema#subClassOf>  ; sh:nodeKind sh:BlankNodeOrIRI ;  ] . ,172,0,172,"7,18E-06","0,0041",
:340  a sh:NodeShape ; sh:targetSubjectsOf <http://www.w3.org/1999/02/22-rdf-syntax-ns#type>  ; sh:property [ sh:path <http://www.w3.org/2004/02/skos/core#narrower>  ; sh:nodeKind sh:IRI ;  ] . ,172,0,172,"7,18E-06","0,0041",
:358  a sh:NodeShape ; sh:targetClass <http://www.w3.org/2002/07/owl#Class>  ; sh:property [ sh:path <http://www.w3.org/2004/02/skos/core#narrower>  ; sh:nodeKind sh:IRIOrLiteral ;  ] . ,172,0,172,"7,18E-06","0,0041",
:361  a sh:NodeShape ; sh:targetSubjectsOf <http://www.w3.org/1999/02/22-rdf-syntax-ns#type>  ; sh:property [ sh:path <http://www.w3.org/2004/02/skos/core#narrower>  ; sh:nodeKind sh:IRIOrLiteral ;  ] . ,172,0,172,"7,18E-06","0,0041",
:397  a sh:NodeShape ; sh:targetSubjectsOf <http://www.w3.org/2004/02/skos/core#narrower>  ; sh:property [ sh:path <http://www.w3.org/2000/01/rdf-schema#subClassOf>  ; sh:nodeKind sh:IRI ;  ] . ,172,0,172,"7,18E-06","0,0041",
:400  a sh:NodeShape ; sh:targetClass <http://www.w3.org/2004/02/skos/core#Concept>  ; sh:property [ sh:path <http://www.w3.org/2004/02/skos/core#narrower>  ; sh:nodeKind sh:IRI ;  ] . ,172,0,172,"7,18E-06","0,0041",
:401  a sh:NodeShape ; sh:targetSubjectsOf <http://www.w3.org/2000/01/rdf-schema#subClassOf>  ; sh:property [ sh:path <http://www.w3.org/2004/02/skos/core#narrower>  ; sh:nodeKind sh:IRIOrLiteral ;  ] . ,172,0,172,"7,18E-06","0,0041",
:407  a sh:NodeShape ; sh:targetSubjectsOf <http://www.w3.org/2004/02/skos/core#narrower>  ; sh:property [ sh:path <http://www.w3.org/2004/02/skos/core#narrower>  ; sh:nodeKind sh:IRIOrLiteral ;  ] . ,172,0,172,"7,18E-06","0,0041",
:431  a sh:NodeShape ; sh:targetClass <http://www.w3.org/2004/02/skos/core#Concept>  ; sh:property [ sh:path <http://www.w3.org/2004/02/skos/core#narrower>  ; sh:class <http://www.w3.org/2002/07/owl#Class>  ;  ] . ,172,0,172,"7,18E-06","0,0041",
:36  a sh:NodeShape ; sh:targetObjectsOf <http://schema.org/floorSize>  ; sh:nodeKind sh:Literal . ,170,0,170,"8,07E-06","0,0041",
:61  a sh:NodeShape ; sh:targetObjectsOf <http://schema.org/floorSize>  ; sh:nodeKind sh:BlankNodeOrLiteral . ,170,0,170,"8,07E-06","0,0041",
:71  a sh:NodeShape ; sh:targetObjectsOf <http://schema.org/floorSize>  ; sh:datatype <http://www.w3.org/2001/XMLSchema#double>  . ,170,0,170,"8,07E-06","0,0041",
:127  a sh:NodeShape ; sh:targetObjectsOf <http://schema.org/floorSize>  ; sh:nodeKind sh:IRIOrLiteral . ,170,0,170,"8,07E-06","0,0041",
:126  a sh:NodeShape ; sh:targetClass <https://ns.inria.fr/sure#Bright>  ; sh:property [ sh:path <http://www.w3.org/2003/01/geo/wgs84_pos#lat>  ; sh:nodeKind sh:IRIOrLiteral ;  ] . ,167,0,167,"9,62E-06","0,004",
:184  a sh:NodeShape ; sh:targetClass <https://ns.inria.fr/sure#Bright>  ; sh:property [ sh:path <http://www.w3.org/2003/01/geo/wgs84_pos#long>  ; sh:datatype <http://www.w3.org/2001/XMLSchema#double>  ;  ] . ,167,0,167,"9,62E-06","0,004",
:186  a sh:NodeShape ; sh:targetClass <https://ns.inria.fr/sure#Bright>  ; sh:property [ sh:path <http://www.w3.org/2003/01/geo/wgs84_pos#lat>  ; sh:datatype <http://www.w3.org/2001/XMLSchema#double>  ;  ] . ,167,0,167,"9,62E-06","0,004",
:262  a sh:NodeShape ; sh:targetClass <https://ns.inria.fr/sure#Bright>  ; sh:property [ sh:path <http://www.w3.org/2003/01/geo/wgs84_pos#lat>  ; sh:nodeKind sh:BlankNodeOrLiteral ;  ] . ,167,0,167,"9,62E-06","0,004",
:268  a sh:NodeShape ; sh:targetClass <https://ns.inria.fr/sure#Bright>  ; sh:property [ sh:path <http://schema.org/hasPrice>  ; sh:datatype <http://www.w3.org/2001/XMLSchema#double>  ;  ] . ,167,0,167,"9,62E-06","0,004",
:331  a sh:NodeShape ; sh:targetClass <https://ns.inria.fr/sure#Bright>  ; sh:property [ sh:path <http://schema.org/floorSize>  ; sh:nodeKind sh:BlankNodeOrLiteral ;  ] . ,167,0,167,"9,62E-06","0,004",
:395  a sh:NodeShape ; sh:targetClass <https://ns.inria.fr/sure#Bright>  ; sh:property [ sh:path <http://www.opengis.net/ont/geosparql#hasGeometry>  ; sh:nodeKind sh:IRIOrLiteral ;  ] . ,167,0,167,"9,62E-06","0,004",
:425  a sh:NodeShape ; sh:targetClass <https://ns.inria.fr/sure#Bright>  ; sh:property [ sh:path <http://www.opengis.net/ont/geosparql#hasGeometry>  ; sh:nodeKind sh:IRI ;  ] . ,167,0,167,"9,62E-06","0,004",
:269  a sh:NodeShape ; sh:targetClass <https://ns.inria.fr/sure#Bright>  ; sh:property [ sh:path <http://schema.org/numberOfRooms>  ; sh:datatype <http://www.w3.org/2001/XMLSchema#double>  ;  ] . ,165,0,165,"1,08E-05","0,0039",
:332  a sh:NodeShape ; sh:targetClass <https://ns.inria.fr/sure#Bright>  ; sh:property [ sh:path <http://schema.org/numberOfRooms>  ; sh:nodeKind sh:IRIOrLiteral ;  ] . ,165,0,165,"1,08E-05","0,0039",
:334  a sh:NodeShape ; sh:targetClass <https://ns.inria.fr/sure#Bright>  ; sh:property [ sh:path <http://schema.org/numberOfRooms>  ; sh:nodeKind sh:Literal ;  ] . ,165,0,165,"1,08E-05","0,0039",
:221  a sh:NodeShape ; sh:targetClass <https://ns.inria.fr/sure#Luxury>  ; sh:property [ sh:path <http://www.opengis.net/ont/geosparql#sfWithin>  ; sh:nodeKind sh:IRIOrLiteral ;  ] . ,159,0,159,"1,54E-05","0,0038",
:60  a sh:NodeShape ; sh:targetClass <https://ns.inria.fr/sure#Refurbished>  ; sh:property [ sh:path <http://www.w3.org/1999/02/22-rdf-syntax-ns#type>  ; sh:nodeKind sh:IRIOrLiteral ;  ] . ,153,0,153,"2,19E-05","0,0037",
:410  a sh:NodeShape ; sh:targetClass <https://ns.inria.fr/sure#Refurbished>  ; sh:property [ sh:path <http://www.w3.org/1999/02/22-rdf-syntax-ns#type>  ; sh:nodeKind sh:BlankNodeOrIRI ;  ] . ,153,0,153,"2,19E-05","0,0037",
:81  a sh:NodeShape ; sh:targetClass <https://ns.inria.fr/sure#AlphaCut>  ; sh:property [ sh:path <http://www.opengis.net/ont/geosparql#asWKT>  ; sh:datatype <http://www.opengis.net/ont/geosparql#wktLiteral>  ;  ] . ,150,0,150,"2,61E-05","0,0036",
:114  a sh:NodeShape ; sh:targetSubjectsOf <https://ns.inria.fr/sure#hasAlpha>  ; sh:property [ sh:path <https://ns.inria.fr/sure#hasAlpha>  ; sh:datatype <http://www.w3.org/2001/XMLSchema#double>  ;  ] . ,150,0,150,"2,61E-05","0,0036",
:182  a sh:NodeShape ; sh:targetSubjectsOf <http://www.w3.org/1999/02/22-rdf-syntax-ns#type>  ; sh:property [ sh:path <https://ns.inria.fr/sure#hasAlpha>  ; sh:nodeKind sh:Literal ;  ] . ,150,0,150,"2,61E-05","0,0036",
:193  a sh:NodeShape ; sh:targetClass <https://ns.inria.fr/sure#AlphaCut>  ; sh:property [ sh:path <https://ns.inria.fr/sure#hasAlpha>  ; sh:nodeKind sh:IRIOrLiteral ;  ] . ,150,0,150,"2,61E-05","0,0036",
:194  a sh:NodeShape ; sh:targetSubjectsOf <https://ns.inria.fr/sure#hasAlpha>  ; sh:property [ sh:path <https://ns.inria.fr/sure#hasAlpha>  ; sh:nodeKind sh:Literal ;  ] . ,150,0,150,"2,61E-05","0,0036",
:297  a sh:NodeShape ; sh:targetClass <https://ns.inria.fr/sure#AlphaCut>  ; sh:property [ sh:path <http://www.opengis.net/ont/geosparql#asWKT>  ; sh:nodeKind sh:IRIOrLiteral ;  ] . ,150,0,150,"2,61E-05","0,0036",
:306  a sh:NodeShape ; sh:targetSubjectsOf <http://www.opengis.net/ont/geosparql#asWKT>  ; sh:property [ sh:path <https://ns.inria.fr/sure#hasAlpha>  ; sh:datatype <http://www.w3.org/2001/XMLSchema#double>  ;  ] . ,150,0,150,"2,61E-05","0,0036",
:315  a sh:NodeShape ; sh:targetSubjectsOf <https://ns.inria.fr/sure#hasAlpha>  ; sh:property [ sh:path <http://www.opengis.net/ont/geosparql#asWKT>  ; sh:nodeKind sh:BlankNodeOrLiteral ;  ] . ,150,0,150,"2,61E-05","0,0036",
:405  a sh:NodeShape ; sh:targetClass <https://ns.inria.fr/sure#AlphaCut>  ; sh:property [ sh:path <http://www.opengis.net/ont/geosparql#asWKT>  ; sh:nodeKind sh:BlankNodeOrLiteral ;  ] . ,150,0,150,"2,61E-05","0,0036",
:66  a sh:NodeShape ; sh:targetSubjectsOf <https://ns.inria.fr/sure#hasAnchor>  ; sh:property [ sh:path <http://www.opengis.net/ont/geosparql#hasGeometry>  ; sh:nodeKind sh:IRI ;  ] . ,85,0,85,"0,001283052109","0,002",
:179  a sh:NodeShape ; sh:targetSubjectsOf <https://ns.inria.fr/sure#hasSpatialRelation>  ; sh:property [ sh:path <http://www.opengis.net/ont/geosparql#hasGeometry>  ; sh:nodeKind sh:IRIOrLiteral ;  ] . ,85,0,85,"0,001283052109","0,002",
:238  a sh:NodeShape ; sh:targetClass <https://ns.inria.fr/sure#RelativePlace>  ; sh:property [ sh:path <http://www.opengis.net/ont/geosparql#hasGeometry>  ; sh:nodeKind sh:IRI ;  ] . ,85,0,85,"0,001283052109","0,002",
:275  a sh:NodeShape ; sh:targetClass <https://ns.inria.fr/sure#RelativePlace>  ; sh:property [ sh:path <http://www.opengis.net/ont/geosparql#hasGeometry>  ; sh:nodeKind sh:IRIOrLiteral ;  ] . ,85,0,85,"0,001283052109","0,002",
:336  a sh:NodeShape ; sh:targetSubjectsOf <https://ns.inria.fr/sure#hasSpatialRelation>  ; sh:property [ sh:path <http://www.opengis.net/ont/geosparql#hasGeometry>  ; sh:nodeKind sh:BlankNodeOrIRI ;  ] . ,85,0,85,"0,001283052109","0,002",
:370  a sh:NodeShape ; sh:targetSubjectsOf <https://ns.inria.fr/sure#hasSpatialRelation>  ; sh:property [ sh:path <http://www.opengis.net/ont/geosparql#hasGeometry>  ; sh:nodeKind sh:IRI ;  ] . ,85,0,85,"0,001283052109","0,002",
:197  a sh:NodeShape ; sh:targetClass <https://ns.inria.fr/sure#Refurbished>  ; sh:property [ sh:path <http://www.opengis.net/ont/geosparql#sfWithin>  ; sh:nodeKind sh:BlankNodeOrIRI ;  ] . ,78,0,78,"0,001976053756","0,0019",
:37  a sh:NodeShape ; sh:targetObjectsOf <https://ns.inria.fr/sure#confidence>  ; sh:datatype <http://www.w3.org/2001/XMLSchema#double>  . ,67,0,67,"0,003928356002","0,0016",
:83  a sh:NodeShape ; sh:targetObjectsOf <https://ns.inria.fr/sure#confidence>  ; sh:nodeKind sh:BlankNodeOrLiteral . ,67,0,67,"0,003928356002","0,0016",
:112  a sh:NodeShape ; sh:targetClass <https://ns.inria.fr/sure#Luxury>  ; sh:property [ sh:path <https://ns.inria.fr/sure#hasDescription>  ; sh:nodeKind sh:IRIOrLiteral ;  ] . ,67,0,67,"0,003928356002","0,0016",
:121  a sh:NodeShape ; sh:targetObjectsOf <https://ns.inria.fr/sure#confidence>  ; sh:nodeKind sh:IRIOrLiteral . ,67,0,67,"0,003928356002","0,0016",
:138  a sh:NodeShape ; sh:targetClass <https://ns.inria.fr/sure#Luxury>  ; sh:property [ sh:path <https://ns.inria.fr/sure#hasDescription>  ; sh:nodeKind sh:IRI ;  ] . ,67,0,67,"0,003928356002","0,0016",
:143  a sh:NodeShape ; sh:targetClass <https://ns.inria.fr/sure#Luxury>  ; sh:property [ sh:path <http://schema.org/numberOfRooms>  ; sh:nodeKind sh:Literal ;  ] . ,67,0,67,"0,003928356002","0,0016",
:156  a sh:NodeShape ; sh:targetObjectsOf <https://ns.inria.fr/sure#confidence>  ; sh:nodeKind sh:Literal . ,67,0,67,"0,003928356002","0,0016",
:157  a sh:NodeShape ; sh:targetClass <https://ns.inria.fr/sure#Luxury>  ; sh:property [ sh:path <http://www.w3.org/2003/01/geo/wgs84_pos#long>  ; sh:datatype <http://www.w3.org/2001/XMLSchema#double>  ;  ] . ,67,0,67,"0,003928356002","0,0016",
:189  a sh:NodeShape ; sh:targetClass <https://ns.inria.fr/sure#Luxury>  ; sh:property [ sh:path <http://schema.org/numberOfRooms>  ; sh:datatype <http://www.w3.org/2001/XMLSchema#double>  ;  ] . ,67,0,67,"0,003928356002","0,0016",
:198  a sh:NodeShape ; sh:targetClass <https://ns.inria.fr/sure#Luxury>  ; sh:property [ sh:path <http://schema.org/floorSize>  ; sh:nodeKind sh:Literal ;  ] . ,67,0,67,"0,003928356002","0,0016",
:302  a sh:NodeShape ; sh:targetClass <https://ns.inria.fr/sure#Luxury>  ; sh:property [ sh:path <http://www.w3.org/2003/01/geo/wgs84_pos#lat>  ; sh:datatype <http://www.w3.org/2001/XMLSchema#double>  ;  ] . ,67,0,67,"0,003928356002","0,0016",
:363  a sh:NodeShape ; sh:targetClass <https://ns.inria.fr/sure#Luxury>  ; sh:property [ sh:path <http://www.w3.org/2003/01/geo/wgs84_pos#lat>  ; sh:nodeKind sh:Literal ;  ] . ,67,0,67,"0,003928356002","0,0016",
:428  a sh:NodeShape ; sh:targetClass <https://ns.inria.fr/sure#Place>  ; sh:property [ sh:path <http://www.w3.org/1999/02/22-rdf-syntax-ns#type>  ; sh:nodeKind sh:IRIOrLiteral ;  ] . ,62,0,62,"0,005391253473","0,0015",
:58  a sh:NodeShape ; sh:targetObjectsOf <http://www.w3.org/2004/02/skos/core#narrower>  ; sh:nodeKind sh:IRIOrLiteral . ,59,0,59,"0,006528929867","0,0014",
:131  a sh:NodeShape ; sh:targetObjectsOf <http://www.w3.org/2004/02/skos/core#narrower>  ; sh:nodeKind sh:BlankNodeOrIRI . ,59,0,59,"0,006528929867","0,0014",
:145  a sh:NodeShape ; sh:targetObjectsOf <http://www.w3.org/2004/02/skos/core#narrower>  ; sh:class <http://www.w3.org/2002/07/owl#Class>  . ,59,0,59,"0,006528929867","0,0014",
:230  a sh:NodeShape ; sh:targetObjectsOf <http://www.w3.org/2004/02/skos/core#narrower>  ; sh:class <http://www.w3.org/2004/02/skos/core#Concept>  . ,59,0,59,"0,006528929867","0,0014",
:266  a sh:NodeShape ; sh:targetObjectsOf <http://www.w3.org/2004/02/skos/core#narrower>  ; sh:nodeKind sh:IRI . ,59,0,59,"0,006528929867","0,0014",
:69  a sh:NodeShape ; sh:targetObjectsOf <http://www.w3.org/1999/02/22-rdf-syntax-ns#type>  ; sh:nodeKind sh:IRIOrLiteral . ,37,0,37,"0,02027555959","9,00E-04",
:89  a sh:NodeShape ; sh:targetObjectsOf <http://www.w3.org/1999/02/22-rdf-syntax-ns#type>  ; sh:nodeKind sh:IRI . ,37,0,37,"0,02027555959","9,00E-04",
:92  a sh:NodeShape ; sh:targetObjectsOf <http://www.w3.org/1999/02/22-rdf-syntax-ns#type>  ; sh:nodeKind sh:BlankNodeOrIRI . ,37,0,37,"0,02027555959","9,00E-04",
:28  a sh:NodeShape ; sh:targetObjectsOf <http://www.opengis.net/ont/geosparql#sfWithin>  ; sh:nodeKind sh:BlankNodeOrIRI . ,36,0,36,"0,02252839954","9,00E-04",
:30  a sh:NodeShape ; sh:targetObjectsOf <http://www.opengis.net/ont/geosparql#sfWithin>  ; sh:nodeKind sh:IRIOrLiteral . ,36,0,36,"0,02252839954","9,00E-04",
:113  a sh:NodeShape ; sh:targetObjectsOf <http://www.opengis.net/ont/geosparql#sfWithin>  ; sh:nodeKind sh:IRI . ,36,0,36,"0,02252839954","9,00E-04",
:86  a sh:NodeShape ; sh:targetClass <https://ns.inria.fr/sure#Refurbished>  ; sh:property [ sh:path <http://www.w3.org/2003/01/geo/wgs84_pos#long>  ; sh:datatype <http://www.w3.org/2001/XMLSchema#double>  ;  ] . ,33,0,33,"0,03090315438","8,00E-04",
:307  a sh:NodeShape ; sh:targetClass <https://ns.inria.fr/sure#Refurbished>  ; sh:property [ sh:path <http://schema.org/numberOfRooms>  ; sh:datatype <http://www.w3.org/2001/XMLSchema#double>  ;  ] . ,33,0,33,"0,03090315438","8,00E-04",
:396  a sh:NodeShape ; sh:targetClass <https://ns.inria.fr/sure#Refurbished>  ; sh:property [ sh:path <https://ns.inria.fr/sure#hasDescription>  ; sh:nodeKind sh:IRIOrLiteral ;  ] . ,33,0,33,"0,03090315438","8,00E-04",
:432  a sh:NodeShape ; sh:targetClass <https://ns.inria.fr/sure#Refurbished>  ; sh:property [ sh:path <http://schema.org/numberOfRooms>  ; sh:nodeKind sh:IRIOrLiteral ;  ] . ,33,0,33,"0,03090315438","8,00E-04",
:185  a sh:NodeShape ; sh:targetSubjectsOf <http://www.w3.org/2000/01/rdf-schema#label>  ; sh:property [ sh:path <http://www.opengis.net/ont/geosparql#hasGeometry>  ; sh:nodeKind sh:BlankNodeOrIRI ;  ] . ,25,0,25,"0,07178979877","6,00E-04",
:308  a sh:NodeShape ; sh:targetSubjectsOf <http://www.w3.org/2000/01/rdf-schema#label>  ; sh:property [ sh:path <http://www.opengis.net/ont/geosparql#hasGeometry>  ; sh:nodeKind sh:IRIOrLiteral ;  ] . ,25,0,25,"0,07178979877","6,00E-04",
:130  a sh:NodeShape ; sh:targetSubjectsOf <http://www.w3.org/1999/02/22-rdf-syntax-ns#type>  ; sh:property [ sh:path <https://ns.inria.fr/sure#hasSpatialRelation>  ; sh:datatype <http://www.w3.org/2001/XMLSchema#string>  ;  ] . ,17,0,17,"0,166771817","4,00E-04",
:148  a sh:NodeShape ; sh:targetClass <https://ns.inria.fr/sure#RelativePlace>  ; sh:property [ sh:path <https://ns.inria.fr/sure#hasSpatialRelation>  ; sh:nodeKind sh:Literal ;  ] . ,17,0,17,"0,166771817","4,00E-04",
:153  a sh:NodeShape ; sh:targetClass <https://ns.inria.fr/sure#RelativePlace>  ; sh:property [ sh:path <https://ns.inria.fr/sure#hasSpatialRelation>  ; sh:nodeKind sh:BlankNodeOrLiteral ;  ] . ,17,0,17,"0,166771817","4,00E-04",
:155  a sh:NodeShape ; sh:targetSubjectsOf <https://ns.inria.fr/sure#hasSpatialRelation>  ; sh:property [ sh:path <http://www.w3.org/1999/02/22-rdf-syntax-ns#type>  ; sh:nodeKind sh:BlankNodeOrIRI ;  ] . ,17,0,17,"0,166771817","4,00E-04",
:232  a sh:NodeShape ; sh:targetSubjectsOf <https://ns.inria.fr/sure#hasSpatialRelation>  ; sh:property [ sh:path <https://ns.inria.fr/sure#hasAnchor>  ; sh:nodeKind sh:BlankNodeOrIRI ;  ] . ,17,0,17,"0,166771817","4,00E-04",
:233  a sh:NodeShape ; sh:targetSubjectsOf <http://www.w3.org/1999/02/22-rdf-syntax-ns#type>  ; sh:property [ sh:path <https://ns.inria.fr/sure#hasAnchor>  ; sh:nodeKind sh:IRI ;  ] . ,17,0,17,"0,166771817","4,00E-04",
:267  a sh:NodeShape ; sh:targetSubjectsOf <https://ns.inria.fr/sure#hasAnchor>  ; sh:property [ sh:path <https://ns.inria.fr/sure#hasAnchor>  ; sh:nodeKind sh:IRI ;  ] . ,17,0,17,"0,166771817","4,00E-04",
:271  a sh:NodeShape ; sh:targetSubjectsOf <https://ns.inria.fr/sure#hasAnchor>  ; sh:property [ sh:path <https://ns.inria.fr/sure#hasAnchor>  ; sh:nodeKind sh:IRIOrLiteral ;  ] . ,17,0,17,"0,166771817","4,00E-04",
:301  a sh:NodeShape ; sh:targetClass <https://ns.inria.fr/sure#RelativePlace>  ; sh:property [ sh:path <https://ns.inria.fr/sure#hasSpatialRelation>  ; sh:nodeKind sh:IRIOrLiteral ;  ] . ,17,0,17,"0,166771817","4,00E-04",
:305  a sh:NodeShape ; sh:targetSubjectsOf <http://www.opengis.net/ont/geosparql#hasGeometry>  ; sh:property [ sh:path <https://ns.inria.fr/sure#hasAnchor>  ; sh:nodeKind sh:IRI ;  ] . ,17,0,17,"0,166771817","4,00E-04",
:366  a sh:NodeShape ; sh:targetSubjectsOf <http://www.opengis.net/ont/geosparql#hasGeometry>  ; sh:property [ sh:path <https://ns.inria.fr/sure#hasSpatialRelation>  ; sh:datatype <http://www.w3.org/2001/XMLSchema#string>  ;  ] . ,17,0,17,"0,166771817","4,00E-04",
:369  a sh:NodeShape ; sh:targetSubjectsOf <http://www.opengis.net/ont/geosparql#hasGeometry>  ; sh:property [ sh:path <https://ns.inria.fr/sure#hasSpatialRelation>  ; sh:nodeKind sh:BlankNodeOrLiteral ;  ] . ,17,0,17,"0,166771817","4,00E-04",
:375  a sh:NodeShape ; sh:targetSubjectsOf <https://ns.inria.fr/sure#hasSpatialRelation>  ; sh:property [ sh:path <https://ns.inria.fr/sure#hasAnchor>  ; sh:class <https://ns.inria.fr/sure#Place>  ;  ] . ,17,0,17,"0,166771817","4,00E-04",
:430  a sh:NodeShape ; sh:targetSubjectsOf <https://ns.inria.fr/sure#hasSpatialRelation>  ; sh:property [ sh:path <https://ns.inria.fr/sure#hasSpatialRelation>  ; sh:datatype <http://www.w3.org/2001/XMLSchema#string>  ;  ] . ,17,0,17,"0,166771817","4,00E-04",
:45  a sh:NodeShape ; sh:targetObjectsOf <http://schema.org/numberOfRooms>  ; sh:nodeKind sh:BlankNodeOrLiteral . ,15,0,15,"0,2058911321","4,00E-04",
:116  a sh:NodeShape ; sh:targetObjectsOf <http://schema.org/numberOfRooms>  ; sh:nodeKind sh:Literal . ,15,0,15,"0,2058911321","4,00E-04",
:129  a sh:NodeShape ; sh:targetObjectsOf <http://schema.org/numberOfRooms>  ; sh:datatype <http://www.w3.org/2001/XMLSchema#double>  . ,15,0,15,"0,2058911321","4,00E-04",
:183  a sh:NodeShape ; sh:targetObjectsOf <http://schema.org/numberOfRooms>  ; sh:nodeKind sh:IRIOrLiteral . ,15,0,15,"0,2058911321","4,00E-04",
:68  a sh:NodeShape ; sh:targetObjectsOf <https://ns.inria.fr/sure#hasAnchor>  ; sh:nodeKind sh:BlankNodeOrIRI . ,13,0,13,"0,2541865828","3,00E-04",
:132  a sh:NodeShape ; sh:targetObjectsOf <https://ns.inria.fr/sure#hasAnchor>  ; sh:nodeKind sh:IRIOrLiteral . ,13,0,13,"0,2541865828","3,00E-04",
:151  a sh:NodeShape ; sh:targetObjectsOf <https://ns.inria.fr/sure#hasAnchor>  ; sh:nodeKind sh:IRI . ,13,0,13,"0,2541865828","3,00E-04",
:360  a sh:NodeShape ; sh:targetObjectsOf <https://ns.inria.fr/sure#hasAnchor>  ; sh:class <https://ns.inria.fr/sure#Place>  . ,13,0,13,"0,2541865828","3,00E-04",
:49  a sh:NodeShape ; sh:targetObjectsOf <https://ns.inria.fr/sure#hasSpatialRelation>  ; sh:datatype <http://www.w3.org/2001/XMLSchema#string>  . ,7,0,7,"0,4782969","2,00E-04",
:93  a sh:NodeShape ; sh:targetObjectsOf <https://ns.inria.fr/sure#hasSpatialRelation>  ; sh:nodeKind sh:BlankNodeOrLiteral . ,7,0,7,"0,4782969","2,00E-04",
:111  a sh:NodeShape ; sh:targetSubjectsOf <http://www.w3.org/2000/01/rdf-schema#label>  ; sh:property [ sh:path <http://www.w3.org/1999/02/22-rdf-syntax-ns#type>  ; sh:class <http://www.w3.org/2004/02/skos/core#Concept>  ;  ] . ,7,0,7,"0,4782969","2,00E-04",
:125  a sh:NodeShape ; sh:targetObjectsOf <https://ns.inria.fr/sure#hasSpatialRelation>  ; sh:nodeKind sh:Literal . ,7,0,7,"0,4782969","2,00E-04",
:128  a sh:NodeShape ; sh:targetObjectsOf <https://ns.inria.fr/sure#hasSpatialRelation>  ; sh:nodeKind sh:IRIOrLiteral . ,7,0,7,"0,4782969","2,00E-04",
:192  a sh:NodeShape ; sh:targetClass <https://ns.inria.fr/sure#Place>  ; sh:property [ sh:path <http://www.w3.org/2000/01/rdf-schema#label>  ; sh:nodeKind sh:IRIOrLiteral ;  ] . ,6,0,6,"0,531441","1,00E-04",
:435  a sh:NodeShape ; sh:targetSubjectsOf <http://www.w3.org/2000/01/rdf-schema#label>  ; sh:property [ sh:path <http://www.w3.org/2000/01/rdf-schema#label>  ; sh:datatype <http://www.w3.org/2001/XMLSchema#string>  ;  ] . ,6,0,6,"0,531441","1,00E-04",
:35  a sh:NodeShape ; sh:targetObjectsOf <http://www.w3.org/2000/01/rdf-schema#label>  ; sh:datatype <http://www.w3.org/2001/XMLSchema#string>  . ,5,0,5,"0,59049","1,00E-04",
:40  a sh:NodeShape ; sh:targetObjectsOf <http://www.w3.org/2000/01/rdf-schema#label>  ; sh:nodeKind sh:IRIOrLiteral . ,5,0,5,"0,59049","1,00E-04",
:76  a sh:NodeShape ; sh:targetObjectsOf <http://www.w3.org/2000/01/rdf-schema#label>  ; sh:nodeKind sh:Literal . ,5,0,5,"0,59049","1,00E-04",
:119  a sh:NodeShape ; sh:targetObjectsOf <https://ns.inria.fr/sure#hasAlpha>  ; sh:datatype <http://www.w3.org/2001/XMLSchema#double>  . ,5,0,5,"0,59049","1,00E-04",
:137  a sh:NodeShape ; sh:targetObjectsOf <http://www.w3.org/2000/01/rdf-schema#subClassOf>  ; sh:nodeKind sh:IRIOrLiteral . ,5,0,5,"0,59049","1,00E-04",
:139  a sh:NodeShape ; sh:targetObjectsOf <https://ns.inria.fr/sure#hasAlpha>  ; sh:nodeKind sh:IRIOrLiteral . ,5,0,5,"0,59049","1,00E-04",
:147  a sh:NodeShape ; sh:targetClass <https://ns.inria.fr/sure#Secteur>  ; sh:property [ sh:path <http://www.opengis.net/ont/geosparql#hasGeometry>  ; sh:nodeKind sh:BlankNodeOrIRI ;  ] . ,5,0,5,"0,59049","1,00E-04",
:158  a sh:NodeShape ; sh:targetObjectsOf <http://www.w3.org/2000/01/rdf-schema#label>  ; sh:nodeKind sh:BlankNodeOrLiteral . ,5,0,5,"0,59049","1,00E-04",
:175  a sh:NodeShape ; sh:targetObjectsOf <https://ns.inria.fr/sure#hasAlpha>  ; sh:nodeKind sh:Literal . ,5,0,5,"0,59049","1,00E-04",
:200  a sh:NodeShape ; sh:targetObjectsOf <http://www.w3.org/2000/01/rdf-schema#subClassOf>  ; sh:nodeKind sh:IRI . ,5,0,5,"0,59049","1,00E-04",
:201  a sh:NodeShape ; sh:targetObjectsOf <http://www.w3.org/2000/01/rdf-schema#subClassOf>  ; sh:nodeKind sh:BlankNodeOrIRI . ,5,0,5,"0,59049","1,00E-04",
:217  a sh:NodeShape ; sh:targetObjectsOf <https://ns.inria.fr/sure#hasAlpha>  ; sh:nodeKind sh:BlankNodeOrLiteral . ,5,0,5,"0,59049","1,00E-04",
:222  a sh:NodeShape ; sh:targetSubjectsOf <http://www.opengis.net/ont/geosparql#hasGeometry>  ; sh:property [ sh:path <http://www.w3.org/2000/01/rdf-schema#label>  ; sh:nodeKind sh:Literal ;  ] . ,5,0,5,"0,59049","1,00E-04",
:270  a sh:NodeShape ; sh:targetSubjectsOf <http://www.opengis.net/ont/geosparql#hasGeometry>  ; sh:property [ sh:path <http://www.w3.org/2000/01/rdf-schema#label>  ; sh:nodeKind sh:IRIOrLiteral ;  ] . ,5,0,5,"0,59049","1,00E-04",
:312  a sh:NodeShape ; sh:targetClass <https://ns.inria.fr/sure#Lycee>  ; sh:property [ sh:path <http://www.opengis.net/ont/geosparql#hasGeometry>  ; sh:nodeKind sh:BlankNodeOrIRI ;  ] . ,5,0,5,"0,59049","1,00E-04",
:372  a sh:NodeShape ; sh:targetClass <https://ns.inria.fr/sure#Secteur>  ; sh:property [ sh:path <http://www.opengis.net/ont/geosparql#hasGeometry>  ; sh:nodeKind sh:IRIOrLiteral ;  ] . ,5,0,5,"0,59049","1,00E-04",
:399  a sh:NodeShape ; sh:targetClass <https://ns.inria.fr/sure#Position>  ; sh:property [ sh:path <http://www.opengis.net/ont/geosparql#hasGeometry>  ; sh:nodeKind sh:IRI ;  ] . ,5,0,5,"0,59049","1,00E-04",
:433  a sh:NodeShape ; sh:targetClass <https://ns.inria.fr/sure#College>  ; sh:property [ sh:path <http://www.opengis.net/ont/geosparql#hasGeometry>  ; sh:nodeKind sh:IRI ;  ] . ,5,0,5,"0,59049","1,00E-04",
:94  a sh:NodeShape ; sh:targetObjectsOf <http://www.w3.org/ns/oa#hasBody>  ; sh:nodeKind sh:IRIOrLiteral . ,4,0,4,"0,6561","1,00E-04",
:181  a sh:NodeShape ; sh:targetObjectsOf <http://www.w3.org/ns/oa#hasBody>  ; sh:nodeKind sh:IRI . ,4,0,4,"0,6561","1,00E-04",
:362  a sh:NodeShape ; sh:targetObjectsOf <http://www.w3.org/ns/oa#hasBody>  ; sh:nodeKind sh:BlankNodeOrIRI . ,4,0,4,"0,6561","1,00E-04",
:31  a sh:NodeShape ; sh:targetObjectsOf <http://www.w3.org/2000/01/rdf-schema#domain>  ; sh:nodeKind sh:BlankNodeOrIRI . ,2,0,2,"0,81",0,
:43  a sh:NodeShape ; sh:targetSubjectsOf <http://www.w3.org/2000/01/rdf-schema#range>  ; sh:property [ sh:path <http://www.w3.org/2000/01/rdf-schema#range>  ; sh:nodeKind sh:IRI ;  ] . ,2,0,2,"0,81",0,
:51  a sh:NodeShape ; sh:targetSubjectsOf <http://www.w3.org/2000/01/rdf-schema#domain>  ; sh:property [ sh:path <http://www.w3.org/2000/01/rdf-schema#domain>  ; sh:nodeKind sh:IRI ;  ] . ,2,0,2,"0,81",0,
:79  a sh:NodeShape ; sh:targetObjectsOf <http://www.w3.org/2000/01/rdf-schema#domain>  ; sh:nodeKind sh:IRIOrLiteral . ,2,0,2,"0,81",0,
:122  a sh:NodeShape ; sh:targetSubjectsOf <http://www.w3.org/1999/02/22-rdf-syntax-ns#type>  ; sh:property [ sh:path <http://www.w3.org/2000/01/rdf-schema#domain>  ; sh:nodeKind sh:BlankNodeOrIRI ;  ] . ,2,0,2,"0,81",0,
:142  a sh:NodeShape ; sh:targetObjectsOf <http://www.w3.org/2000/01/rdf-schema#domain>  ; sh:nodeKind sh:IRI . ,2,0,2,"0,81",0,
:173  a sh:NodeShape ; sh:targetSubjectsOf <http://www.w3.org/2000/01/rdf-schema#domain>  ; sh:property [ sh:path <http://www.w3.org/2000/01/rdf-schema#domain>  ; sh:nodeKind sh:BlankNodeOrIRI ;  ] . ,2,0,2,"0,81",0,
:177  a sh:NodeShape ; sh:targetSubjectsOf <http://www.w3.org/1999/02/22-rdf-syntax-ns#type>  ; sh:property [ sh:path <http://www.w3.org/2000/01/rdf-schema#range>  ; sh:nodeKind sh:BlankNodeOrIRI ;  ] . ,2,0,2,"0,81",0,
:187  a sh:NodeShape ; sh:targetClass <https://ns.inria.fr/sure#Collines>  ; sh:property [ sh:path <http://www.w3.org/1999/02/22-rdf-syntax-ns#type>  ; sh:nodeKind sh:BlankNodeOrIRI ;  ] . ,2,0,2,"0,81",0,
:219  a sh:NodeShape ; sh:targetClass <https://ns.inria.fr/sure#Transports>  ; sh:property [ sh:path <http://www.w3.org/1999/02/22-rdf-syntax-ns#type>  ; sh:nodeKind sh:IRIOrLiteral ;  ] . ,2,0,2,"0,81",0,
:224  a sh:NodeShape ; sh:targetSubjectsOf <http://www.w3.org/2000/01/rdf-schema#range>  ; sh:property [ sh:path <http://www.w3.org/1999/02/22-rdf-syntax-ns#type>  ; sh:nodeKind sh:IRI ;  ] . ,2,0,2,"0,81",0,
:225  a sh:NodeShape ; sh:targetSubjectsOf <http://www.w3.org/2000/01/rdf-schema#range>  ; sh:property [ sh:path <http://www.w3.org/1999/02/22-rdf-syntax-ns#type>  ; sh:nodeKind sh:BlankNodeOrIRI ;  ] . ,2,0,2,"0,81",0,
:236  a sh:NodeShape ; sh:targetClass <https://ns.inria.fr/sure#Montagnes>  ; sh:property [ sh:path <http://www.w3.org/1999/02/22-rdf-syntax-ns#type>  ; sh:nodeKind sh:IRIOrLiteral ;  ] . ,2,0,2,"0,81",0,
:259  a sh:NodeShape ; sh:targetClass <https://ns.inria.fr/sure#Commerces>  ; sh:property [ sh:path <http://www.w3.org/1999/02/22-rdf-syntax-ns#type>  ; sh:nodeKind sh:BlankNodeOrIRI ;  ] . ,2,0,2,"0,81",0,
:261  a sh:NodeShape ; sh:targetSubjectsOf <http://www.w3.org/2000/01/rdf-schema#domain>  ; sh:property [ sh:path <http://www.w3.org/2000/01/rdf-schema#range>  ; sh:nodeKind sh:IRIOrLiteral ;  ] . ,2,0,2,"0,81",0,
:264  a sh:NodeShape ; sh:targetClass <https://ns.inria.fr/sure#Commodites>  ; sh:property [ sh:path <http://www.w3.org/1999/02/22-rdf-syntax-ns#type>  ; sh:nodeKind sh:BlankNodeOrIRI ;  ] . ,2,0,2,"0,81",0,
:277  a sh:NodeShape ; sh:targetSubjectsOf <http://www.w3.org/2000/01/rdf-schema#range>  ; sh:property [ sh:path <http://www.w3.org/2000/01/rdf-schema#domain>  ; sh:nodeKind sh:IRIOrLiteral ;  ] . ,2,0,2,"0,81",0,
:303  a sh:NodeShape ; sh:targetClass <https://ns.inria.fr/sure#Autoroute>  ; sh:property [ sh:path <http://www.w3.org/1999/02/22-rdf-syntax-ns#type>  ; sh:nodeKind sh:IRIOrLiteral ;  ] . ,2,0,2,"0,81",0,
:310  a sh:NodeShape ; sh:targetClass <https://ns.inria.fr/sure#Cadre>  ; sh:property [ sh:path <http://www.w3.org/1999/02/22-rdf-syntax-ns#type>  ; sh:class <http://www.w3.org/2004/02/skos/core#Concept>  ;  ] . ,2,0,2,"0,81",0,
:341  a sh:NodeShape ; sh:targetClass <http://www.w3.org/1999/02/22-rdf-syntax-ns#Property>  ; sh:property [ sh:path <http://www.w3.org/2000/01/rdf-schema#range>  ; sh:nodeKind sh:IRIOrLiteral ;  ] . ,2,0,2,"0,81",0,
:373  a sh:NodeShape ; sh:targetClass <https://ns.inria.fr/sure#Mer>  ; sh:property [ sh:path <http://www.w3.org/1999/02/22-rdf-syntax-ns#type>  ; sh:nodeKind sh:IRIOrLiteral ;  ] . ,2,0,2,"0,81",0,
:374  a sh:NodeShape ; sh:targetSubjectsOf <http://www.w3.org/2000/01/rdf-schema#domain>  ; sh:property [ sh:path <http://www.w3.org/2000/01/rdf-schema#range>  ; sh:nodeKind sh:BlankNodeOrIRI ;  ] . ,2,0,2,"0,81",0,
:376  a sh:NodeShape ; sh:targetClass <https://ns.inria.fr/sure#Cadre>  ; sh:property [ sh:path <http://www.w3.org/1999/02/22-rdf-syntax-ns#type>  ; sh:nodeKind sh:IRIOrLiteral ;  ] . ,2,0,2,"0,81",0,
:394  a sh:NodeShape ; sh:targetClass <http://www.w3.org/1999/02/22-rdf-syntax-ns#Property>  ; sh:property [ sh:path <http://www.w3.org/2000/01/rdf-schema#range>  ; sh:nodeKind sh:BlankNodeOrIRI ;  ] . ,2,0,2,"0,81",0,
:403  a sh:NodeShape ; sh:targetClass <https://ns.inria.fr/sure#Secteur>  ; sh:property [ sh:path <http://www.w3.org/1999/02/22-rdf-syntax-ns#type>  ; sh:nodeKind sh:IRI ;  ] . ,2,0,2,"0,81",0,
:406  a sh:NodeShape ; sh:targetClass <https://ns.inria.fr/sure#EcolesInternationales>  ; sh:property [ sh:path <http://www.w3.org/1999/02/22-rdf-syntax-ns#type>  ; sh:nodeKind sh:BlankNodeOrIRI ;  ] . ,2,0,2,"0,81",0,
:429  a sh:NodeShape ; sh:targetClass <https://ns.inria.fr/sure#Secteur>  ; sh:property [ sh:path <http://www.w3.org/1999/02/22-rdf-syntax-ns#type>  ; sh:nodeKind sh:BlankNodeOrIRI ;  ] . ,2,0,2,"0,81",0,
:74  a sh:NodeShape ; sh:targetObjectsOf <http://www.w3.org/2000/01/rdf-schema#range>  ; sh:nodeKind sh:IRIOrLiteral . ,1,0,1,"0,9",0,
:75  a sh:NodeShape ; sh:targetObjectsOf <http://www.w3.org/ns/oa#motivatedBy>  ; sh:nodeKind sh:IRIOrLiteral . ,1,0,1,"0,9",0,
:85  a sh:NodeShape ; sh:targetObjectsOf <http://purl.org/dc/elements/1.1language>  ; sh:datatype <http://www.w3.org/2001/XMLSchema#string>  . ,1,0,1,"0,9",0,
:87  a sh:NodeShape ; sh:targetObjectsOf <http://purl.org/dc/elements/1.1language>  ; sh:nodeKind sh:BlankNodeOrLiteral . ,1,0,1,"0,9",0,
:141  a sh:NodeShape ; sh:targetObjectsOf <http://www.w3.org/2000/01/rdf-schema#range>  ; sh:nodeKind sh:IRI . ,1,0,1,"0,9",0,
:149  a sh:NodeShape ; sh:targetObjectsOf <http://purl.org/dc/elements/1.1language>  ; sh:nodeKind sh:Literal . ,1,0,1,"0,9",0,
:150  a sh:NodeShape ; sh:targetObjectsOf <http://purl.org/dc/elements/1.1language>  ; sh:nodeKind sh:IRIOrLiteral . ,1,0,1,"0,9",0,
:154  a sh:NodeShape ; sh:targetObjectsOf <http://www.w3.org/2000/01/rdf-schema#range>  ; sh:nodeKind sh:BlankNodeOrIRI . ,1,0,1,"0,9",0,
:178  a sh:NodeShape ; sh:targetObjectsOf <http://www.w3.org/ns/oa#motivatedBy>  ; sh:nodeKind sh:BlankNodeOrIRI . ,1,0,1,"0,9",0,
:237  a sh:NodeShape ; sh:targetObjectsOf <http://www.w3.org/ns/oa#motivatedBy>  ; sh:nodeKind sh:IRI . ,1,0,1,"0,9",0,